time,flowRateSetting,flowKP,flowKI,coolingWaterSwitch,3#ConValOffInd,3#ConValOnInd,coolingWaterVal,coolingWaterStart,coolingWaterInletTemp,coolingWaterDisTemp,coolingWaterPre,coolingWaterFlowRate,heaterStartPoint,heaterStopPoint,heaterSwitch,inletTemp,topTemp,middleTemp,condTemp,kettleTemp,heaterTemp,liqLevSetting,liqLevKP,liqLevKI,1#Solenoid,4#Solenoid,5#Solenoid,1#FreqPump,1#MetPump,2#FreqPump,2#MetPump,1#ConValveOffInd,1#ConValveOnInd,feedVal,towerLiqLev,2#Solenoid,2#ConValveOffInd,2#ConValOnInd,preCon,secPre,3#Solenoid,soundLightAlarm,emergencyStop,sysManual,sysAuto,sysStart,class
2022-04-08 19:34:27.932662,1084227584,1017370378,30000,1,0,1,9248,1,7808,7800,3136,11520,1118437376,1119092736,1,6776,12408,11384,7184,8288,13080,1036831949,1106247680,30000,1,1,1,1,0,1,0,1,0,1382,16136,0,1,0,0,65512,0,0,1,0,1,1,Normal
2022-04-08 19:34:28.430151,1084227584,1017370378,30000,1,0,1,9248,1,7784,7800,3136,11520,1118437376,1119092736,1,6776,12408,11384,7184,8288,13080,1036831949,1106247680,30000,1,1,1,1,0,1,0,1,0,1382,16136,0,1,0,0,65512,0,0,1,0,1,1,Normal
2022-04-08 19:34:28.927359,1084227584,1017370378,30000,1,0,1,9248,1,7784,7800,3112,11520,1118437376,1119092736,1,6776,12408,11384,7184,8280,13088,1036831949,1106247680,30000,1,1,1,1,0,1,0,1,0,1382,16144,0,1,0,0,65512,0,0,1,0,1,1,Normal
2022-04-08 19:34:29.426297,1084227584,1017370378,30000,1,0,1,9248,1,7784,7832,3112,11520,1118437376,1119092736,0,6776,12408,11416,7184,8296,13096,1036831949,1106247680,30000,1,1,1,1,0,1,0,1,0,1382,16152,0,1,0,0,65512,0,0,1,0,1,1,Normal
2022-04-08 19:34:29.925865,1084227584,1017370378,30000,1,0,1,9248,1,7784,7832,3136,11520,1118437376,1119092736,0,6776,12408,11416,7176,8280,13096,1036831949,1106247680,30000,1,1,1,1,0,1,0,1,0,1382,16160,0,1,0,0,65512,0,0,1,0,1,1,Normal
2022-04-08 19:34:30.423088,1084227584,1017370378,30000,1,0,1,9248,1,7784,7800,3416,11520,1118437376,1119092736,0,6776,12408,11384,7152,8296,13096,1036831949,1106247680,30000,1,1,1,1,0,1,0,1,0,1382,16136,0,1,0,0,65512,0,0,1,0,1,1,Normal
2022-04-08 19:34:30.921527,1084227584,1017370378,30000,1,0,1,9248,1,7784,7800,3416,11520,1118437376,1119092736,0,6776,12376,11416,7176,8312,13104,1036831949,1106247680,30000,1,1,1,1,0,1,0,1,0,1382,16144,0,1,0,0,65512,0,0,1,0,1,1,Normal
2022-04-08 19:34:31.420153,1084227584,1017370378,30000,1,0,1,9248,1,7784,7800,3416,11520,1118437376,1119092736,0,6776,12376,11384,7184,8304,13112,1036831949,1106247680,30000,1,1,1,1,0,1,0,1,0,1382,16136,0,1,0,0,65512,0,0,1,0,1,1,Normal
2022-04-08 19:34:31.918907,1084227584,1017370378,30000,1,0,1,9248,1,7784,7800,3416,11520,1118437376,1119092736,0,6776,12408,11384,7176,8304,13104,1036831949,1106247680,30000,1,1,1,1,0,1,0,1,0,1382,16136,0,1,0,0,65512,0,0,1,0,1,1,Normal
2022-04-08 19:34:32.416045,1084227584,1017370378,30000,1,0,1,9245,1,7784,7832,3416,11640,1118437376,1119092736,0,6776,12376,11416,7184,8288,13112,1036831949,1106247680,30000,1,1,1,1,0,1,0,1,0,1382,16144,0,1,0,0,65512,0,0,1,0,1,1,Normal
2022-04-08 19:34:32.913273,1084227584,1017370378,30000,1,0,1,9237,1,7784,7832,3416,11992,1118437376,1119092736,0,6776,12376,11384,7176,8304,13120,1036831949,1106247680,30000,1,1,1,1,0,1,0,1,0,1382,16152,0,1,0,0,65512,0,0,1,0,1,1,Normal
2022-04-08 19:34:33.410274,1084227584,1017370378,30000,1,0,1,9223,1,7784,7800,3416,11992,1118437376,1119092736,0,6776,12408,11384,7152,8296,13120,1036831949,1106247680,30000,1,1,1,1,0,1,0,1,0,1382,16160,0,1,0,0,65512,0,0,1,0,1,1,Normal
2022-04-08 19:34:33.906071,1084227584,1017370378,30000,1,0,1,9210,1,7784,7800,3416,11992,1118437376,1119092736,0,6800,12408,11416,7184,8304,13120,1036831949,1106247680,30000,1,1,1,1,0,1,0,1,0,1382,16144,0,1,0,0,65512,0,0,1,0,1,1,Normal
2022-04-08 19:34:34.404715,1084227584,1017370378,30000,1,0,1,9196,1,7784,7800,3416,11992,1118437376,1119092736,0,6800,12376,11384,7184,8304,13128,1036831949,1106247680,30000,1,1,1,1,0,1,0,1,0,1382,16144,0,1,0,0,65512,0,0,1,0,1,1,Normal
2022-04-08 19:34:34.901761,1084227584,1017370378,30000,1,0,1,9185,1,7784,7808,3336,11992,1118437376,1119092736,0,6800,12408,11384,7176,8304,13136,1036831949,1106247680,30000,1,1,1,1,0,1,0,1,0,1382,16136,0,1,0,0,65512,0,0,1,0,1,1,Normal
2022-04-08 19:34:35.399041,1084227584,1017370378,30000,1,0,1,9171,1,7784,7800,3336,11992,1118437376,1119092736,0,6776,12408,11384,7184,8304,13128,1036831949,1106247680,30000,1,1,1,1,0,1,0,1,0,1382,16136,0,1,0,0,65512,0,0,1,0,1,1,Normal
2022-04-08 19:34:35.897559,1084227584,1017370378,30000,1,0,1,9157,1,7784,7800,3336,11992,1118437376,1119092736,0,6776,12376,11384,7184,8304,13136,1036831949,1106247680,30000,1,1,1,1,0,1,0,1,0,1382,16144,0,1,0,0,65512,0,0,1,0,1,1,Normal
2022-04-08 19:34:36.396397,1084227584,1017370378,30000,1,0,1,9143,1,7784,7800,3360,11992,1118437376,1119092736,0,6800,12344,11384,7184,8304,13144,1036831949,1106247680,30000,1,1,1,1,0,1,0,1,0,1382,16160,0,1,0,0,65512,0,0,1,0,1,1,Normal
2022-04-08 19:34:36.893542,1084227584,1017370378,30000,1,0,1,9129,1,7784,7800,3360,11992,1118437376,1119092736,0,6776,12376,11384,7176,8304,13136,1036831949,1106247680,30000,1,1,1,1,0,1,0,1,0,1382,16176,0,1,0,0,65512,0,0,1,0,1,1,Normal
2022-04-08 19:34:37.390577,1084227584,1017370378,30000,1,0,1,9116,1,7784,7800,3360,11992,1118437376,1119092736,0,6776,12344,11384,7184,8304,13136,1036831949,1106247680,30000,1,1,1,1,0,1,0,1,0,1382,16176,0,1,0,0,65512,0,0,1,0,1,1,Normal
2022-04-08 19:34:37.890654,1084227584,1017370378,30000,1,0,1,9102,1,7784,7824,3360,11992,1118437376,1119092736,0,6776,12344,11384,7184,8304,13136,1036831949,1106247680,30000,1,1,1,1,0,1,0,1,0,1382,16168,0,1,0,0,65512,0,0,1,0,1,1,Normal
2022-04-08 19:34:38.389639,1084227584,1017370378,30000,1,0,1,9088,1,7784,7832,3360,11992,1118437376,1119092736,0,6776,12344,11384,7184,8320,13136,1036831949,1106247680,30000,1,1,1,1,0,1,0,1,0,1382,16144,0,1,0,0,65512,0,0,1,0,1,1,Normal
2022-04-08 19:34:38.889741,1084227584,1017370378,30000,1,0,1,9074,1,7784,7800,3360,11992,1118437376,1119092736,0,6776,12344,11384,7184,8320,13136,1036831949,1106247680,30000,1,1,1,1,0,1,0,1,0,1382,16136,0,1,0,0,65512,0,0,1,0,1,1,Normal
2022-04-08 19:34:39.387769,1084227584,1017370378,30000,1,0,1,9060,1,7784,7800,3360,11992,1118437376,1119092736,0,6776,12344,11384,7184,8304,13136,1036831949,1106247680,30000,1,1,1,1,0,1,0,1,0,1382,16144,0,1,0,0,65512,0,0,1,0,1,1,Normal
2022-04-08 19:34:39.885811,1084227584,1017370378,30000,1,0,1,9046,1,7784,7800,3360,11992,1118437376,1119092736,0,6776,12344,11384,7176,8328,13144,1036831949,1106247680,30000,1,1,1,1,0,1,0,1,0,1382,16152,0,1,0,0,65512,0,0,1,0,1,1,Normal
2022-04-08 19:34:40.384709,1084227584,1017370378,30000,1,0,1,9035,1,7784,7800,3360,11992,1118437376,1119092736,0,6776,12344,11384,7184,8328,13144,1036831949,1106247680,30000,1,1,1,1,0,1,0,1,0,1382,16152,0,1,0,0,65512,0,0,1,0,1,1,Normal
2022-04-08 19:34:40.883655,1084227584,1017370378,30000,1,0,1,9022,1,7784,7800,3360,11992,1118437376,1119092736,0,6776,12320,11384,7184,8312,13136,1036831949,1106247680,30000,1,1,1,1,0,1,0,1,0,1382,16168,0,1,0,0,65512,0,0,1,0,1,1,Normal
2022-04-08 19:34:41.379651,1084227584,1017370378,30000,1,0,1,9008,1,7784,7800,3360,11992,1118437376,1119092736,0,6776,12320,11384,7184,8320,13144,1036831949,1106247680,30000,1,1,1,1,0,1,0,1,0,1382,16168,0,1,0,0,65512,0,0,1,0,1,1,Normal
2022-04-08 19:34:41.877860,1084227584,1017370378,30000,1,0,1,8994,1,7784,7800,3392,11992,1118437376,1119092736,0,6776,12344,11416,7184,8320,13144,1036831949,1106247680,30000,1,1,1,1,0,1,0,1,0,1382,16176,0,1,0,0,65512,0,0,1,0,1,1,Normal
2022-04-08 19:34:42.374900,1084227584,1017370378,30000,1,0,1,8980,1,7792,7800,3392,11992,1118437376,1119092736,0,6808,12344,11384,7184,8328,13168,1036831949,1106247680,30000,1,1,1,1,0,1,0,1,0,1382,16168,0,1,0,0,65512,0,0,1,0,1,1,Normal
2022-04-08 19:34:42.873107,1084227584,1017370378,30000,1,0,1,8966,1,7784,7800,3392,11992,1118437376,1119092736,0,6808,12320,11384,7184,8328,13168,1036831949,1106247680,30000,1,1,1,1,0,1,0,1,0,1382,16144,0,1,0,0,65512,0,0,1,0,1,1,Normal
2022-04-08 19:34:43.368543,1084227584,1017370378,30000,1,0,1,8952,1,7800,7800,3392,11992,1118437376,1119092736,0,6808,12320,11384,7184,8312,13176,1036831949,1106247680,30000,1,1,1,1,0,1,0,1,0,1382,16144,0,1,0,0,65512,0,0,1,0,1,1,Normal
2022-04-08 19:34:43.867147,1084227584,1017370378,30000,1,0,1,8939,1,7784,7800,3392,11992,1118437376,1119092736,0,6808,12320,11384,7184,8336,13176,1036831949,1106247680,30000,1,1,1,1,0,1,0,1,0,1382,16152,0,1,0,0,65512,0,0,1,0,1,1,Normal
2022-04-08 19:34:44.365639,1084227584,1017370378,30000,1,0,1,8928,1,7792,7800,3392,11992,1118437376,1119092736,0,6776,12288,11384,7184,8328,13184,1036831949,1106247680,30000,1,1,1,1,0,1,0,1,0,1382,16168,0,1,0,0,65512,0,0,1,0,1,1,Normal
2022-04-08 19:34:44.863053,1084227584,1017370378,30000,1,0,1,8914,1,7784,7800,3392,11992,1118437376,1119092736,0,6776,12288,11384,7184,8336,13200,1036831949,1106247680,30000,1,1,1,1,0,1,0,1,0,1382,16176,0,1,0,0,65512,0,0,1,0,1,1,Normal
2022-04-08 19:34:45.360484,1084227584,1017370378,30000,1,0,1,8900,1,7784,7800,3392,11992,1118437376,1119092736,0,6776,12288,11384,7184,8336,13208,1036831949,1106247680,30000,1,1,1,1,0,1,0,1,0,1382,16160,0,1,0,0,65512,0,0,1,0,1,1,Normal
2022-04-08 19:34:45.857695,1084227584,1017370378,30000,1,0,1,8886,1,7784,7800,3392,11992,1118437376,1119092736,0,6800,12288,11384,7160,8352,13208,1036831949,1106247680,30000,1,1,1,1,0,1,0,1,0,1382,16176,0,1,0,0,65512,0,0,1,0,1,1,Normal
2022-04-08 19:34:46.357281,1084227584,1017370378,30000,1,0,1,8872,1,7784,7800,3392,11992,1118437376,1119092736,0,6808,12288,11384,7184,8352,13208,1036831949,1106247680,30000,1,1,1,1,0,1,0,1,0,1382,16160,0,1,0,0,65512,0,0,1,0,1,1,Normal
2022-04-08 19:34:46.858986,1084227584,1017370378,30000,1,0,1,8858,1,7784,7800,3392,11992,1118437376,1119092736,0,6800,12288,11416,7184,8352,13208,1036831949,1106247680,30000,1,1,1,1,0,1,0,1,0,1382,16144,0,1,0,0,65512,0,0,1,0,1,1,Normal
2022-04-08 19:34:47.357457,1084227584,1017370378,30000,1,0,1,8845,1,7808,7800,3416,11992,1118437376,1119092736,0,6808,12288,11416,7184,8360,13216,1036831949,1106247680,30000,1,1,1,1,0,1,0,1,0,1382,16168,0,1,0,0,65512,0,0,1,0,1,1,Normal
2022-04-08 19:34:47.860580,1084227584,1017370378,30000,1,0,1,8831,1,7784,7800,3416,11992,1118437376,1119092736,0,6808,12264,11416,7184,8344,13216,1036831949,1106247680,30000,1,1,1,1,0,1,0,1,0,1382,16192,0,1,0,0,65512,0,0,1,0,1,1,Normal
2022-04-08 19:34:48.357879,1084227584,1017370378,30000,1,0,1,8817,1,7784,7800,3392,11992,1118437376,1119092736,0,6800,12264,11416,7176,8360,13224,1036831949,1106247680,30000,1,1,1,1,0,1,0,1,0,1382,16200,0,1,0,0,65512,0,0,1,0,1,1,Normal
2022-04-08 19:34:48.855985,1084227584,1017370378,30000,1,0,1,8803,1,7784,7800,3416,11992,1118437376,1119092736,0,6800,12264,11440,7184,8352,13224,1036831949,1106247680,30000,1,1,1,1,0,1,0,1,0,1382,16200,0,1,0,0,65512,0,0,1,0,1,1,Normal
2022-04-08 19:34:49.351922,1084227584,1017370378,30000,1,0,1,8792,1,7784,7800,3392,11992,1118437376,1119092736,0,6776,12264,11416,7176,8368,13232,1036831949,1106247680,30000,1,1,1,1,0,1,0,1,0,1382,16208,0,1,0,0,65512,0,0,1,0,1,1,Normal
2022-04-08 19:34:49.848214,1084227584,1017370378,30000,1,0,1,8778,1,7784,7800,3416,11992,1118437376,1119092736,0,6776,12264,11416,7184,8360,13232,1036831949,1106247680,30000,1,1,1,1,0,1,0,1,0,1382,16184,0,1,0,0,65512,0,0,1,0,1,1,Normal
2022-04-08 19:34:50.346034,1084227584,1017370378,30000,1,0,1,8764,1,7784,7800,3392,11992,1118437376,1119092736,0,6800,12288,11416,7184,8368,13232,1036831949,1106247680,30000,1,1,1,1,0,1,0,1,0,1382,16168,0,1,0,0,65512,0,0,1,0,1,1,Normal
2022-04-08 19:34:50.841787,1084227584,1017370378,30000,1,0,1,8751,1,7784,7800,3392,11992,1118437376,1119092736,0,6776,12264,11416,7176,8368,13248,1036831949,1106247680,30000,1,1,1,1,0,1,0,1,0,1382,16168,0,1,0,0,65512,0,0,1,0,1,1,Normal
2022-04-08 19:34:51.339081,1084227584,1017370378,30000,1,0,1,8737,1,7784,7800,3416,11992,1118437376,1119092736,0,6800,12264,11440,7184,8368,13248,1036831949,1106247680,30000,1,1,1,1,0,1,0,1,0,1382,16200,0,1,0,0,65512,0,0,1,0,1,1,Normal
2022-04-08 19:34:51.836412,1084227584,1017370378,30000,1,0,1,8723,1,7808,7800,3416,11992,1118437376,1119092736,0,6808,12232,11440,7184,8368,13248,1036831949,1106247680,30000,1,1,1,1,0,1,0,1,0,1382,16216,0,1,0,0,65512,0,0,1,0,1,1,Normal
2022-04-08 19:34:52.333636,1084227584,1017370378,30000,1,0,1,8709,1,7784,7800,3416,11992,1118437376,1119092736,0,6808,12200,11440,7184,8368,13248,1036831949,1106247680,30000,1,1,1,1,0,1,0,1,0,1382,16248,0,1,0,0,65512,0,0,1,0,1,1,Normal
2022-04-08 19:34:52.830824,1084227584,1017370378,30000,1,0,1,8695,1,7784,7800,3416,11992,1118437376,1119092736,0,6808,12184,11440,7184,8368,13256,1036831949,1106247680,30000,1,1,1,1,0,1,0,1,0,1382,16280,0,1,0,0,65512,0,0,1,0,1,1,Normal
2022-04-08 19:34:53.329432,1084227584,1017370378,30000,1,0,1,8684,1,7808,7800,3416,11992,1118437376,1119092736,0,6800,12200,11472,7184,8368,13256,1036831949,1106247680,30000,1,1,1,1,0,1,0,1,0,1382,16280,0,1,0,0,65512,0,0,1,0,1,1,Normal
2022-04-08 19:34:53.828137,1084227584,1017370378,30000,1,0,1,8670,1,7784,7800,3416,11992,1118437376,1119092736,0,6808,12208,11472,7184,8384,13264,1036831949,1106247680,30000,1,1,1,1,0,1,0,1,0,1382,16264,0,1,0,0,65512,0,0,1,0,1,1,Normal
2022-04-08 19:34:54.325062,1084227584,1017370378,30000,1,0,1,8657,1,7784,7800,3416,11992,1118437376,1119092736,0,6800,12192,11472,7184,8368,13264,1036831949,1106247680,30000,1,1,1,1,0,1,0,1,0,1382,16240,0,1,0,0,65512,0,0,1,0,1,1,Normal
2022-04-08 19:34:54.822213,1084227584,1017370378,30000,1,0,1,8643,1,7784,7800,3416,11992,1118437376,1119092736,0,6808,12184,11472,7184,8368,13264,1036831949,1106247680,30000,1,1,1,1,0,1,0,1,0,1382,16248,0,1,0,0,65512,0,0,1,0,1,1,Normal
2022-04-08 19:34:55.321078,1084227584,1017370378,30000,1,0,1,8629,1,7784,7800,3416,11992,1118437376,1119092736,0,6800,12184,11496,7176,8384,13272,1036831949,1106247680,30000,1,1,1,1,0,1,0,1,0,1382,16272,0,1,0,0,65512,0,0,1,0,1,1,Normal
2022-04-08 19:34:55.819587,1084227584,1017370378,30000,1,0,1,8615,1,7784,7800,3416,11992,1118437376,1119092736,0,6808,12184,11496,7176,8376,13280,1036831949,1106247680,30000,1,1,1,1,0,1,0,1,0,1382,16224,0,1,0,0,65512,0,0,1,0,1,1,Normal
2022-04-08 19:34:56.316811,1084227584,1017370378,30000,1,0,1,8601,1,7784,7800,3416,11992,1118437376,1119092736,0,6800,12184,11528,7176,8392,13280,1036831949,1106247680,30000,1,1,1,1,0,1,0,1,0,1382,16256,0,1,0,0,65512,0,0,1,0,1,1,Normal
2022-04-08 19:34:56.815454,1084227584,1017370378,30000,1,0,1,8587,1,7784,7800,3416,11992,1118437376,1119092736,0,6808,12184,11512,7184,8384,13280,1036831949,1106247680,30000,1,1,1,1,0,1,0,1,0,1382,16248,0,1,0,0,65512,0,0,1,0,1,1,Normal
2022-04-08 19:34:57.313711,1084227584,1017370378,30000,1,0,1,8574,1,7784,7800,3488,11992,1118437376,1119092736,0,6776,12160,11528,7184,8400,13280,1036831949,1106247680,30000,1,1,1,1,0,1,0,1,0,1382,16336,0,1,0,0,65512,0,0,1,0,1,1,Normal
2022-04-08 19:34:57.812471,1084227584,1017370378,30000,1,0,1,8563,1,7784,7800,3464,11992,1118437376,1119092736,0,6808,12160,11552,7184,8392,13296,1036831949,1106247680,30000,1,1,1,1,0,1,0,1,0,1382,16336,0,1,0,0,8,0,0,1,0,1,1,Normal
2022-04-08 19:34:58.308107,1084227584,1017370378,30000,1,0,1,8549,1,7784,7800,3488,11992,1118437376,1119092736,0,6808,12160,11552,7184,8384,13296,1036831949,1106247680,30000,1,1,1,1,0,1,0,1,0,1382,16248,0,1,0,0,65512,0,0,1,0,1,1,Normal
2022-04-08 19:34:58.806697,1084227584,1017370378,30000,1,0,1,8535,1,7784,7800,3488,11992,1118437376,1119092736,0,6800,12160,11552,7184,8392,13304,1036831949,1106247680,30000,1,1,1,1,0,1,0,1,0,1382,16216,0,1,0,0,65512,0,0,1,0,1,1,Normal
2022-04-08 19:34:59.304076,1084227584,1017370378,30000,1,0,1,8521,1,7784,7800,3488,11992,1118437376,1119092736,0,6808,12160,11552,7184,8392,13296,1036831949,1106247680,30000,1,1,1,1,0,1,0,1,0,1382,16240,0,1,0,0,65512,0,0,1,0,1,1,Normal
2022-04-08 19:34:59.801271,1084227584,1017370378,30000,1,0,1,8507,1,7784,7800,3496,11992,1118437376,1119092736,0,6808,12160,11552,7184,8408,13296,1036831949,1106247680,30000,1,1,1,1,0,1,0,1,0,1382,16336,0,1,0,0,65512,0,0,1,0,1,1,Normal
2022-04-08 19:35:00.298628,1084227584,1017370378,30000,1,0,1,8493,1,7784,7800,3488,11992,1118437376,1119092736,0,6776,12160,11552,7184,8400,13296,1036831949,1106247680,30000,1,1,1,1,0,1,0,1,0,1382,16320,0,1,0,0,65512,0,0,1,0,1,1,Normal
2022-04-08 19:35:00.797349,1084227584,1017370378,30000,1,0,1,8480,1,7784,7776,3488,11992,1118437376,1119092736,0,6808,12128,11552,7184,8408,13296,1036831949,1106247680,30000,1,1,1,1,0,1,0,1,0,1382,16312,0,1,0,0,65512,0,0,1,0,1,1,Normal
2022-04-08 19:35:01.294501,1084227584,1017370378,30000,1,0,1,8466,1,7784,7800,3488,11992,1118437376,1119092736,0,6808,12128,11552,7184,8408,13296,1036831949,1106247680,30000,1,1,1,1,0,1,0,1,0,1382,16312,0,1,0,0,65512,0,0,1,0,1,1,Normal
2022-04-08 19:35:01.793354,1084227584,1017370378,30000,1,0,1,8455,1,7784,7800,3488,11992,1118437376,1119092736,0,6808,12160,11680,7184,8392,13296,1036831949,1106247680,30000,1,1,1,1,0,1,0,1,0,1382,16240,0,1,0,0,65512,0,0,1,0,1,1,Normal
2022-04-08 19:35:02.291958,1084227584,1017370378,30000,1,0,1,8441,1,7784,7800,3488,11992,1118437376,1119092736,0,6808,12128,11712,7184,8408,13288,1036831949,1106247680,30000,1,1,1,1,0,1,0,1,0,1382,16312,0,1,0,0,65512,0,0,1,0,1,1,Normal
2022-04-08 19:35:02.788937,1084227584,1017370378,30000,1,0,1,8427,1,7784,7800,3488,11992,1118437376,1119092736,0,6808,12128,11712,7184,8400,13296,1036831949,1106247680,30000,1,1,1,1,0,1,0,1,0,1382,16264,0,1,0,0,65512,0,0,1,0,1,1,Normal
2022-04-08 19:35:03.284408,1084227584,1017370378,30000,1,0,1,8413,1,7784,7800,3488,11992,1118437376,1119092736,0,6808,12128,11712,7184,8408,13288,1036831949,1106247680,30000,1,1,1,1,0,1,0,1,0,1382,16312,0,1,0,0,65512,0,0,1,0,1,1,Normal
2022-04-08 19:35:03.784417,1084227584,1017370378,30000,1,0,1,8399,1,7784,7800,3608,11992,1118437376,1119092736,0,6808,12128,11744,7184,8416,13296,1036831949,1106247680,30000,1,1,1,1,0,1,0,1,0,1382,16288,0,1,0,0,65512,0,0,1,0,1,1,Normal
2022-04-08 19:35:04.283031,1084227584,1017370378,30000,1,0,1,8386,1,7784,7800,3608,11992,1118437376,1119092736,0,6776,12128,11768,7184,8416,13296,1036831949,1106247680,30000,1,1,1,1,0,1,0,1,0,1382,16280,0,1,0,0,65512,0,0,1,0,1,1,Normal
2022-04-08 19:35:04.781492,1084227584,1017370378,30000,1,0,1,8372,1,7784,7800,3800,11992,1118437376,1119092736,0,6776,12128,11824,7176,8416,13296,1036831949,1106247680,30000,1,1,1,1,0,1,0,1,0,1382,16312,0,1,0,0,65512,0,0,1,0,1,1,Normal
2022-04-08 19:35:05.281429,1084227584,1017370378,30000,1,0,1,8358,1,7784,7800,3888,11992,1118437376,1119092736,0,6776,12128,11856,7184,8408,13312,1036831949,1106247680,30000,1,1,1,1,0,1,0,1,0,1382,16288,0,1,0,0,65512,0,0,1,0,1,1,Normal
2022-04-08 19:35:05.778710,1084227584,1017370378,30000,1,0,1,8344,1,7784,7800,3888,11992,1118437376,1119092736,0,6776,12128,11880,7184,8424,13320,1036831949,1106247680,30000,1,1,1,1,0,1,0,1,0,1382,16160,0,1,0,0,65512,0,0,1,0,1,1,Normal
2022-04-08 19:35:06.277462,1084227584,1017370378,30000,1,0,1,8333,1,7784,7800,3912,11992,1118437376,1119092736,0,6800,12128,11912,7184,8424,13328,1036831949,1106247680,30000,1,1,1,1,0,1,0,1,0,1382,16216,0,1,0,0,65512,0,0,1,0,1,1,Normal
2022-04-08 19:35:06.776279,1084227584,1017370378,30000,1,0,1,8325,1,7752,7800,3912,11760,1118437376,1119092736,0,6800,12104,11936,7184,8424,13336,1036831949,1106247680,30000,1,1,1,1,0,1,0,1,0,1382,16256,0,1,0,0,65512,0,0,1,0,1,1,Normal
2022-04-08 19:35:07.275176,1084227584,1017370378,30000,1,0,1,8317,1,7784,7800,3912,11760,1118437376,1119092736,0,6808,12104,11968,7184,8424,13336,1036831949,1106247680,30000,1,1,1,1,0,1,0,1,0,1382,16264,0,1,0,0,65512,0,0,1,0,1,1,Normal
2022-04-08 19:35:07.770665,1084227584,1017370378,30000,1,0,1,8311,1,7784,7800,3912,11760,1118437376,1119092736,0,6800,12072,11992,7184,8424,13336,1036831949,1106247680,30000,1,1,1,1,0,1,0,1,0,1382,16256,0,1,0,0,65512,0,0,1,0,1,1,Normal
2022-04-08 19:35:08.268961,1084227584,1017370378,30000,1,0,1,8303,1,7784,7800,3912,11760,1118437376,1119092736,0,6808,12072,12048,7184,8424,13352,1036831949,1106247680,30000,1,1,1,1,0,1,0,1,0,1382,16224,0,1,0,0,65512,0,0,1,0,1,1,Normal
2022-04-08 19:35:08.766004,1084227584,1017370378,30000,1,0,1,8297,1,7784,7800,3912,11760,1118437376,1119092736,0,6792,12072,12072,7184,8424,13352,1036831949,1106247680,30000,1,1,1,1,0,1,0,1,0,1382,16184,0,1,0,0,65512,0,0,1,0,1,1,Normal
2022-04-08 19:35:09.264113,1084227584,1017370378,30000,1,0,1,8289,1,7784,7800,3912,11760,1118437376,1119092736,0,6808,12072,12120,7184,8408,13360,1036831949,1106247680,30000,1,1,1,1,0,1,0,1,0,1382,16320,0,1,0,0,65512,0,0,1,0,1,1,Normal
2022-04-08 19:35:09.759759,1084227584,1017370378,30000,1,0,1,8283,1,7784,7800,3912,11760,1118437376,1119092736,0,6808,12072,12176,7176,8400,13360,1036831949,1106247680,30000,1,1,1,1,0,1,0,1,0,1382,16216,0,1,0,0,65512,0,0,1,0,1,1,Normal
2022-04-08 19:35:10.257051,1084227584,1017370378,30000,1,0,1,8278,1,7784,7800,3912,11760,1118437376,1119092736,0,6808,12072,12208,7184,8408,13360,1036831949,1106247680,30000,1,1,1,1,0,1,0,1,0,1382,16216,0,1,0,0,65512,0,0,1,0,1,1,Normal
2022-04-08 19:35:10.754398,1084227584,1017370378,30000,1,0,1,8270,1,7784,7800,3912,11760,1118437376,1119092736,0,6808,12072,12264,7184,8400,13368,1036831949,1106247680,30000,1,1,1,1,0,1,0,1,0,1382,16248,0,1,0,0,65512,0,0,1,0,1,1,Normal
2022-04-08 19:35:11.252975,1084227584,1017370378,30000,1,0,1,8264,1,7784,7800,3912,11760,1118437376,1119092736,0,6808,12072,12320,7184,8416,13368,1036831949,1106247680,30000,1,1,1,1,0,1,0,1,0,1382,16200,0,1,0,0,65512,0,0,1,0,1,1,Normal
2022-04-08 19:35:11.750294,1084227584,1017370378,30000,1,0,1,8256,1,7784,7800,3912,11760,1118437376,1119092736,0,6808,12072,12376,7184,8408,13368,1036831949,1106247680,30000,1,1,1,1,0,1,0,1,0,1382,16200,0,1,0,0,65512,0,0,1,0,1,1,Normal
2022-04-08 19:35:12.245947,1084227584,1017370378,30000,1,0,1,8250,1,7784,7800,3912,11760,1118437376,1119092736,0,6808,12072,12432,7184,8392,13376,1036831949,1106247680,30000,1,1,1,1,0,1,0,1,0,1382,16184,0,1,0,0,65512,0,0,1,0,1,1,Normal
2022-04-08 19:35:12.744710,1084227584,1017370378,30000,1,0,1,8242,1,7784,7800,3912,11760,1118437376,1119092736,0,6808,12072,12488,7184,8408,13376,1036831949,1106247680,30000,1,1,1,1,0,1,0,1,0,1382,16208,0,1,0,0,65512,0,0,1,0,1,1,Normal
2022-04-08 19:35:13.243182,1084227584,1017370378,30000,1,0,1,8236,1,7752,7800,3912,11760,1118437376,1119092736,0,6808,12072,12592,7184,8400,13376,1036831949,1106247680,30000,1,1,1,1,0,1,0,1,0,1382,16160,0,1,0,0,65512,0,0,1,0,1,1,Normal
2022-04-08 19:35:13.740291,1084227584,1017370378,30000,1,0,1,8228,1,7784,7800,3912,11760,1118437376,1119092736,0,6808,12072,12624,7184,8408,13376,1036831949,1106247680,30000,1,1,1,1,0,1,0,1,0,1382,16168,0,1,0,0,65512,0,0,1,0,1,1,Normal
2022-04-08 19:35:14.264564,1084227584,1017370378,30000,1,0,1,8223,1,7752,7800,3912,11760,1118437376,1119092736,0,6808,12072,12680,7184,8400,13384,1036831949,1106247680,30000,1,1,1,1,0,1,0,1,0,1382,16184,0,1,0,0,65512,0,0,1,0,1,1,Normal
2022-04-08 19:35:14.780408,1084227584,1017370378,30000,1,0,1,8214,1,7784,7800,3912,11760,1118437376,1119092736,0,6800,12072,12704,7184,8416,13392,1036831949,1106247680,30000,1,1,1,1,0,1,0,1,0,1382,16264,0,1,0,0,65512,0,0,1,0,1,1,Normal
2022-04-08 19:35:15.278917,1084227584,1017370378,30000,1,0,1,8209,1,7784,7800,3912,11760,1118437376,1119092736,0,6808,12072,12680,7184,8400,13400,1036831949,1106247680,30000,1,1,1,1,0,1,0,1,0,1382,16216,0,1,0,0,65512,0,0,1,0,1,1,Normal
2022-04-08 19:35:15.780500,1084227584,1017370378,30000,1,0,1,8200,1,7784,7800,3912,11760,1118437376,1119092736,0,6776,12104,12680,7184,8408,13400,1036831949,1106247680,30000,1,1,1,1,0,1,0,1,0,1382,16184,0,1,0,0,65512,0,0,1,0,1,1,Normal
2022-04-08 19:35:16.283527,1084227584,1017370378,30000,1,0,1,8195,1,7784,7800,3912,11760,1118437376,1119092736,0,6808,12072,12680,7184,8408,13408,1036831949,1106247680,30000,1,1,1,1,0,1,0,1,0,1382,16192,0,1,0,0,65512,0,0,1,0,1,1,Normal
2022-04-08 19:35:16.782329,1084227584,1017370378,30000,1,0,1,8187,1,7784,7800,3912,11760,1118437376,1119092736,0,6808,12072,12704,7176,8408,13408,1036831949,1106247680,30000,1,1,1,1,0,1,0,1,0,1382,16200,0,1,0,0,65512,0,0,1,0,1,1,Normal
2022-04-08 19:35:17.284181,1084227584,1017370378,30000,1,0,1,8181,1,7784,7800,3912,11760,1118437376,1119092736,0,6808,12104,12704,7176,8416,13400,1036831949,1106247680,30000,1,1,1,1,0,1,0,1,0,1382,16192,0,1,0,0,65512,0,0,1,0,1,1,Normal
2022-04-08 19:35:17.781532,1084227584,1017370378,30000,1,0,1,8173,1,7752,7800,3912,11760,1118437376,1119092736,0,6808,12072,13528,7184,8408,13416,1036831949,1106247680,30000,1,1,1,1,0,1,0,1,0,1382,16192,0,1,0,0,65512,0,0,1,0,1,1,Normal
2022-04-08 19:35:18.278746,1084227584,1017370378,30000,1,0,1,8167,1,7784,7800,3912,11760,1118437376,1119092736,0,6808,12104,13640,7184,8416,13416,1036831949,1106247680,30000,1,1,1,1,0,1,0,1,0,1382,16176,0,1,0,0,65512,0,0,1,0,1,1,Normal
2022-04-08 19:35:18.777244,1084227584,1017370378,30000,1,0,1,8159,1,7784,7800,3944,11760,1118437376,1119092736,0,6808,12104,13744,7176,8408,13416,1036831949,1106247680,30000,1,1,1,1,0,1,0,1,0,1382,16200,0,1,0,0,65512,0,0,1,0,1,1,Normal
2022-04-08 19:35:19.275766,1084227584,1017370378,30000,1,0,1,8153,1,7752,7800,4056,11760,1118437376,1119092736,0,6808,12104,13808,7176,8424,13424,1036831949,1106247680,30000,1,1,1,1,0,1,0,1,0,1382,16232,0,1,0,0,65512,0,0,1,0,1,1,Normal
2022-04-08 19:35:19.770937,1084227584,1017370378,30000,1,0,1,8145,1,7784,7800,4080,11760,1118437376,1119092736,0,6808,12104,13936,7184,8408,13424,1036831949,1106247680,30000,1,1,1,1,0,1,0,1,0,1382,16168,0,1,0,0,65512,0,0,1,0,1,1,Normal
2022-04-08 19:35:20.268183,1084227584,1017370378,30000,1,0,1,8140,1,7784,7800,4080,11760,1118437376,1119092736,0,6808,12104,14000,7184,8408,13424,1036831949,1106247680,30000,1,1,1,1,0,1,0,1,0,1382,16200,0,1,0,0,65512,0,0,1,0,1,1,Normal
2022-04-08 19:35:20.763634,1084227584,1017370378,30000,1,0,1,8131,1,7752,7800,4080,11760,1118437376,1119092736,0,6808,12104,14128,7184,8416,13432,1036831949,1106247680,30000,1,1,1,1,0,1,0,1,0,1382,16136,0,1,0,0,65512,0,0,1,0,1,1,Normal
2022-04-08 19:35:21.261048,1084227584,1017370378,30000,1,0,1,8126,1,7784,7800,4080,11760,1118437376,1119092736,0,6808,12104,14192,7184,8408,13432,1036831949,1106247680,30000,1,1,1,1,0,1,0,1,0,1382,16176,0,1,0,0,65512,0,0,1,0,1,1,Normal
2022-04-08 19:35:21.756666,1084227584,1017370378,30000,1,0,1,8117,1,7752,7800,4080,11760,1118437376,1119092736,0,6800,12160,14304,7184,8408,13440,1036831949,1106247680,30000,1,1,1,1,0,1,0,1,0,1382,16168,0,1,0,0,65512,0,0,1,0,1,1,Normal
2022-04-08 19:35:22.254062,1084227584,1017370378,30000,1,0,1,8112,1,7784,7800,4080,11760,1118437376,1119092736,0,6808,12160,14392,7184,8408,13440,1036831949,1106247680,30000,1,1,1,1,0,1,0,1,0,1382,16208,0,1,0,0,65512,0,0,1,0,1,1,Normal
2022-04-08 19:35:22.752594,1084227584,1017370378,30000,1,0,1,8106,1,7784,7800,4080,11760,1118437376,1119092736,0,6800,12184,14520,7184,8408,13440,1036831949,1106247680,30000,1,1,1,1,0,1,0,1,0,1382,16232,0,1,0,0,65512,0,0,1,0,1,1,Normal
2022-04-08 19:35:23.250410,1084227584,1017370378,30000,1,0,1,8098,1,7752,7800,4080,11760,1118437376,1119092736,0,6808,12184,14600,7184,8408,13440,1036831949,1106247680,30000,1,1,1,1,0,1,0,1,0,1382,16176,0,1,0,0,65512,0,0,1,0,1,1,Normal
2022-04-08 19:35:23.747244,1084227584,1017370378,30000,1,0,1,8093,1,7784,7800,4080,11760,1118437376,1119092736,0,6800,12184,14688,7184,8408,13440,1036831949,1106247680,30000,1,1,1,1,0,1,0,1,0,1382,16216,0,1,0,0,65512,0,0,1,0,1,1,Normal
2022-04-08 19:35:24.245129,1084227584,1017370378,30000,1,0,1,8084,1,7752,7800,4104,11760,1118437376,1119092736,0,6808,12184,14744,7184,8408,13440,1036831949,1106247680,30000,1,1,1,1,0,1,0,1,0,1382,16216,0,1,0,0,65512,0,0,1,0,1,1,Normal
2022-04-08 19:35:24.743251,1084227584,1017370378,30000,1,0,1,8079,1,7784,7800,4080,11760,1118437376,1119092736,0,6800,12208,14912,7184,8392,13440,1036831949,1106247680,30000,1,1,1,1,0,1,0,1,0,1382,16120,0,1,0,0,65512,0,0,1,0,1,1,Normal
2022-04-08 19:35:25.243533,1084227584,1017370378,30000,1,0,1,8070,1,7784,7800,4080,11760,1118437376,1119092736,0,6808,12264,14968,7184,8408,13440,1036831949,1106247680,30000,1,1,1,1,0,1,0,1,0,1382,16176,0,1,0,0,65512,0,0,1,0,1,1,Normal
2022-04-08 19:35:25.741529,1084227584,1017370378,30000,1,0,1,8065,1,7784,7800,4080,11760,1118437376,1119092736,0,6808,12264,14968,7184,8408,13440,1036831949,1106247680,30000,1,1,1,1,0,1,0,1,0,1382,16144,0,1,0,0,65512,0,0,1,0,1,1,Normal
2022-04-08 19:35:26.238602,1084227584,1017370378,30000,1,0,1,8057,1,7760,7800,4080,11760,1118437376,1119092736,0,6800,12264,15048,7184,8392,13440,1036831949,1106247680,30000,1,1,1,1,0,1,0,1,0,1382,16144,0,1,0,0,65512,0,0,1,0,1,1,Normal
2022-04-08 19:35:26.739457,1084227584,1017370378,30000,1,0,1,8051,1,7784,7800,4080,11760,1118437376,1119092736,0,6808,12288,15104,7184,8408,13440,1036831949,1106247680,30000,1,1,1,1,0,1,0,1,0,1382,16168,0,1,0,0,65512,0,0,1,0,1,1,Normal
2022-04-08 19:35:27.238938,1084227584,1017370378,30000,1,0,1,8043,1,7752,7800,4080,11760,1118437376,1119092736,0,6808,12320,15240,7184,8400,13440,1036831949,1106247680,30000,1,1,1,1,0,1,0,1,0,1382,16176,0,1,0,0,65512,0,0,1,0,1,1,Normal
2022-04-08 19:35:27.737896,1084227584,1017370378,30000,1,0,1,8037,1,7784,7800,4080,11760,1118437376,1119092736,0,6808,12320,15296,7184,8408,13440,1036831949,1106247680,30000,1,1,1,1,0,1,0,1,0,1382,16200,0,1,0,0,65512,0,0,1,0,1,1,Normal
2022-04-08 19:35:28.236940,1084227584,1017370378,30000,1,0,1,8029,1,7784,7800,4088,11760,1118437376,1119092736,0,6808,12320,15408,7184,8400,13440,1036831949,1106247680,30000,1,1,1,1,0,1,0,1,0,1382,16176,0,1,0,0,65512,0,0,1,0,1,1,Normal
2022-04-08 19:35:28.734545,1084227584,1017370378,30000,1,0,1,8023,1,7784,7800,4080,11760,1118437376,1119092736,0,6808,12376,15456,7184,8408,13464,1036831949,1106247680,30000,1,1,1,1,0,1,0,1,0,1382,16200,0,1,0,0,65512,0,0,1,0,1,1,Normal
2022-04-08 19:35:29.233652,1084227584,1017370378,30000,1,0,1,8015,1,7784,7800,4080,11760,1118437376,1119092736,0,6808,12376,15544,7184,8408,13480,1036831949,1106247680,30000,1,1,1,1,0,1,0,1,0,1382,16160,0,1,0,0,65512,0,0,1,0,1,1,Normal
2022-04-08 19:35:29.731068,1084227584,1017370378,30000,1,0,1,8010,1,7784,7800,4080,11760,1118437376,1119092736,0,6808,12432,15600,7184,8400,13480,1036831949,1106247680,30000,1,1,1,1,0,1,0,1,0,1382,16128,0,1,0,0,65512,0,0,1,0,1,1,Normal
2022-04-08 19:35:30.230127,1084227584,1017370378,30000,1,0,1,8001,1,7784,7800,4080,11760,1118437376,1119092736,0,6808,12464,15600,7184,8408,13480,1036831949,1106247680,30000,1,1,1,1,0,1,0,1,0,1382,16144,0,1,0,0,65512,0,0,1,0,1,1,Normal
2022-04-08 19:35:30.727378,1084227584,1017370378,30000,1,0,1,7996,1,7784,7800,4088,11760,1118437376,1119092736,0,6808,12488,15600,7184,8400,13488,1036831949,1106247680,30000,1,1,1,1,0,1,0,1,0,1382,16160,0,1,0,0,65512,0,0,1,0,1,1,Normal
2022-04-08 19:35:31.224201,1084227584,1017370378,30000,1,0,1,7990,1,7752,7800,4104,11760,1118437376,1119092736,0,6808,12520,15600,7184,8408,13488,1036831949,1106247680,30000,1,1,1,1,0,1,0,1,0,1382,16128,0,1,0,0,65512,0,0,1,0,1,1,Normal
2022-04-08 19:35:31.723244,1084227584,1017370378,30000,1,0,1,7982,1,7784,7800,4384,11760,1118437376,1119092736,0,6808,12600,15600,7184,8392,13488,1036831949,1106247680,30000,1,1,1,1,0,1,0,1,0,1382,16192,0,1,0,0,65512,0,0,1,0,1,1,Normal
2022-04-08 19:35:32.224141,1084227584,1017370378,30000,1,0,1,7976,1,7784,7800,4440,11760,1118437376,1119092736,0,6808,12632,15600,7184,8408,13496,1036831949,1106247680,30000,1,1,1,1,0,1,0,1,0,1382,16136,0,1,0,0,65512,0,0,1,0,1,1,Normal
2022-04-08 19:35:32.721286,1084227584,1017370378,30000,1,0,1,7974,1,7784,7800,4440,11520,1118437376,1119092736,0,6808,12680,15600,7184,8408,13496,1036831949,1106247680,30000,1,1,1,1,0,1,0,1,0,1382,16144,0,1,0,0,65512,0,0,1,0,1,1,Normal
2022-04-08 19:35:33.218564,1084227584,1017370378,30000,1,0,1,7974,1,7784,7800,4440,11520,1118437376,1119092736,0,6808,12744,16040,7184,8408,13496,1036831949,1106247680,30000,1,1,1,1,0,1,0,1,0,1382,16168,0,1,0,0,65512,0,0,1,0,1,1,Normal
2022-04-08 19:35:33.715795,1084227584,1017370378,30000,1,0,1,7974,1,7784,7800,4440,11520,1118437376,1119092736,0,6800,12816,16096,7184,8408,13504,1036831949,1106247680,30000,1,1,1,1,0,1,0,1,0,1382,16144,0,1,0,0,65512,0,0,1,0,1,1,Normal
2022-04-08 19:35:34.213008,1084227584,1017370378,30000,1,0,1,7974,1,7784,7800,4440,11520,1118437376,1119092736,0,6808,12816,16176,7184,8400,13512,1036831949,1106247680,30000,1,1,1,1,0,1,0,1,0,1382,16152,0,1,0,0,65512,0,0,1,0,1,1,Normal
2022-04-08 19:35:34.712095,1084227584,1017370378,30000,1,0,1,7974,1,7752,7800,4440,11520,1118437376,1119092736,0,6800,12816,16208,7176,8408,13512,1036831949,1106247680,30000,1,1,1,1,0,1,0,1,0,1382,16112,0,1,0,0,65512,0,0,1,0,1,1,Normal
2022-04-08 19:35:35.210959,1084227584,1017370378,30000,1,0,1,7974,1,7784,7800,4440,11520,1118437376,1119092736,0,6808,12816,16288,7184,8400,13512,1036831949,1106247680,30000,1,1,1,1,0,1,0,1,0,1382,16128,0,1,0,0,65512,0,0,1,0,1,1,Normal
2022-04-08 19:35:35.710150,1084227584,1017370378,30000,1,0,1,7974,1,7784,7776,4440,11520,1118437376,1119092736,0,6808,12816,16344,7184,8408,13520,1036831949,1106247680,30000,1,1,1,1,0,1,0,1,0,1382,16128,0,1,0,0,65512,0,0,1,0,1,1,Normal
2022-04-08 19:35:36.207284,1084227584,1017370378,30000,1,0,1,7974,1,7752,7800,4440,11520,1118437376,1119092736,0,6808,12816,16400,7184,8400,13520,1036831949,1106247680,30000,1,1,1,1,0,1,0,1,0,1382,16168,0,1,0,0,65512,0,0,1,0,1,1,Normal
2022-04-08 19:35:36.705943,1084227584,1017370378,30000,1,0,1,7974,1,7784,7800,4440,11520,1118437376,1119092736,0,6808,12816,16456,7184,8392,13528,1036831949,1106247680,30000,1,1,1,1,0,1,0,1,0,1382,16184,0,1,0,0,65512,0,0,1,0,1,1,Normal
2022-04-08 19:35:37.203081,1084227584,1017370378,30000,1,0,1,7974,1,7752,7800,4440,11520,1118437376,1119092736,0,6808,13672,16536,7184,8400,13528,1036831949,1106247680,30000,1,1,1,1,0,1,0,1,0,1382,16144,0,1,0,0,65512,0,0,1,0,1,1,Normal
2022-04-08 19:35:37.702134,1084227584,1017370378,30000,1,0,1,7974,1,7784,7800,4440,11520,1118437376,1119092736,0,6808,13760,16592,7176,8400,13528,1036831949,1106247680,30000,1,1,1,1,0,1,0,1,0,1382,16144,0,1,0,0,65512,0,0,1,0,1,1,Normal
2022-04-08 19:35:38.199778,1084227584,1017370378,30000,1,0,1,7974,1,7784,7800,4440,11520,1118437376,1119092736,0,6808,13928,16648,7184,8400,13528,1036831949,1106247680,30000,1,1,1,1,0,1,0,1,0,1382,16112,0,1,0,0,65512,0,0,1,0,1,1,Normal
2022-04-08 19:35:38.698960,1084227584,1017370378,30000,1,0,1,7974,1,7784,7800,4408,11520,1118437376,1119092736,0,6808,14016,16688,7176,8400,13536,1036831949,1106247680,30000,1,1,1,1,0,1,0,1,0,1382,16128,0,1,0,0,65512,0,0,1,0,1,1,Normal
2022-04-08 19:35:39.197791,1084227584,1017370378,30000,1,0,1,7974,1,7784,7800,4408,11520,1118437376,1119092736,0,6808,14144,16760,7184,8400,13536,1036831949,1106247680,30000,1,1,1,1,0,1,0,1,0,1382,16128,0,1,0,0,65512,0,0,1,0,1,1,Normal
2022-04-08 19:35:39.698031,1084227584,1017370378,30000,1,0,1,7974,1,7752,7800,4440,11520,1118437376,1119092736,0,6808,14232,16784,7176,8400,13536,1036831949,1106247680,30000,1,1,1,1,0,1,0,1,0,1382,16152,0,1,0,0,65512,0,0,1,0,1,1,Normal
2022-04-08 19:35:40.196398,1084227584,1017370378,30000,1,0,1,7974,1,7784,7800,4440,11520,1118437376,1119092736,0,6808,14368,16840,7184,8424,13536,1036831949,1106247680,30000,1,1,1,1,0,1,0,1,0,1382,16136,0,1,0,0,65512,0,0,1,0,1,1,Normal
2022-04-08 19:35:40.692321,1084227584,1017370378,30000,1,0,1,7974,1,7784,7800,4440,11520,1118437376,1119092736,0,6808,14456,16896,7184,8408,13544,1036831949,1106247680,30000,1,1,1,1,0,1,0,1,0,1382,16128,0,1,0,0,65512,0,0,1,0,1,1,Normal
2022-04-08 19:35:41.188324,1084227584,1017370378,30000,1,0,1,7974,1,7784,7776,4440,11520,1118437376,1119092736,0,6808,14640,16944,7184,8408,13544,1036831949,1106247680,30000,1,1,1,1,0,1,0,1,0,1382,16136,0,1,0,0,65512,0,0,1,0,1,1,Normal
2022-04-08 19:35:41.688270,1084227584,1017370378,30000,1,0,1,7974,1,7784,7800,4440,11520,1118437376,1119092736,0,6808,14728,17000,7184,8416,13560,1036831949,1106247680,30000,1,1,1,1,0,1,0,1,0,1382,16136,0,1,0,0,65512,0,0,1,0,1,1,Normal
2022-04-08 19:35:42.187425,1084227584,1017370378,30000,1,0,1,7974,1,7784,7800,4440,11520,1118437376,1119092736,0,6808,14840,17032,7184,8416,13560,1036831949,1106247680,30000,1,1,1,1,0,1,0,1,0,1382,16128,0,1,0,0,65512,0,0,1,0,1,1,Normal
2022-04-08 19:35:42.687330,1084227584,1017370378,30000,1,0,1,7974,1,7784,7800,4440,11520,1118437376,1119092736,0,6808,14952,17056,7184,8424,13568,1036831949,1106247680,30000,1,1,1,1,0,1,0,1,0,1382,16120,0,1,0,0,65512,0,0,1,0,1,1,Normal
2022-04-08 19:35:43.186242,1084227584,1017370378,30000,1,0,1,7974,1,7784,7800,4440,11520,1118437376,1119092736,0,6808,15112,17112,7184,8416,13552,1036831949,1106247680,30000,1,1,1,1,0,1,0,1,0,1382,16120,0,1,0,0,65512,0,0,1,0,1,1,Normal
2022-04-08 19:35:43.686410,1084227584,1017370378,30000,1,0,1,7974,1,7784,7800,4440,11520,1118437376,1119092736,0,6808,15200,17200,7184,8432,13568,1036831949,1106247680,30000,1,1,1,1,0,1,0,1,0,1382,16120,0,1,0,0,65512,0,0,1,0,1,1,Normal
2022-04-08 19:35:44.185830,1084227584,1017370378,30000,1,0,1,7974,1,7784,7776,4440,11520,1118437376,1119092736,0,6808,15368,17224,7184,8408,13568,1036831949,1106247680,30000,1,1,1,1,0,1,0,1,0,1382,16120,0,1,0,0,65512,0,0,1,0,1,1,Normal
2022-04-08 19:35:44.683662,1084227584,1017370378,30000,1,0,1,7974,1,7784,7800,4440,11520,1118437376,1119092736,0,6808,15480,17280,7176,8416,13568,1036831949,1106247680,30000,1,1,1,1,0,1,0,1,0,1382,16120,0,1,0,0,65512,0,0,1,0,1,1,Normal
2022-04-08 19:35:45.180751,1084227584,1017370378,30000,1,0,1,7974,1,7784,7832,4440,11520,1118437376,1119092736,0,6808,15560,17280,7184,8416,13568,1036831949,1106247680,30000,1,1,1,1,0,1,0,1,0,1382,16144,0,1,0,0,65512,0,0,1,0,1,1,Normal
2022-04-08 19:35:45.680264,1084227584,1017370378,30000,1,0,1,7974,1,7752,7800,4440,11520,1118437376,1119092736,0,6808,15640,17280,7184,8416,13568,1036831949,1106247680,30000,1,1,1,1,0,1,0,1,0,1382,16144,0,1,0,0,65512,0,0,1,0,1,1,Normal
2022-04-08 19:35:46.178473,1084227584,1017370378,30000,1,0,1,7974,1,7784,7832,4440,11520,1118437376,1119092736,0,6808,15808,17280,7184,8416,13576,1036831949,1106247680,30000,1,1,1,1,0,1,0,1,0,1382,16136,0,1,0,0,65512,0,0,1,0,1,1,Normal
2022-04-08 19:35:46.676417,1084227584,1017370378,30000,1,0,1,7974,1,7776,7800,4440,11520,1118437376,1119092736,0,6808,15920,17280,7176,8432,13576,1036831949,1106247680,30000,1,1,1,1,0,1,0,1,0,1382,16128,0,1,0,0,65512,0,0,1,0,1,1,Normal
2022-04-08 19:35:47.177417,1084227584,1017370378,30000,1,0,1,7974,1,7784,7832,4440,11520,1118437376,1119092736,0,6808,16008,17280,7184,8416,13576,1036831949,1106247680,30000,1,1,1,1,0,1,0,1,0,1382,16128,0,1,0,0,65512,0,0,1,0,1,1,Attack
2022-04-08 19:35:47.685209,1084227584,1017370378,30000,1,0,1,7974,1,7784,7832,4440,11520,1118437376,1119092736,0,6808,16112,17280,7176,8432,13576,1036831949,1106247680,30000,1,1,1,1,0,1,0,1,0,1382,16128,0,1,0,0,65512,0,0,1,0,1,1,Attack
2022-04-08 19:35:48.195409,1084227584,1017370378,30000,1,0,1,7974,1,7752,7832,4440,11520,1118437376,1119092736,0,6808,16256,17496,7184,8408,13576,1036831949,1106247680,30000,1,1,1,1,0,1,0,1,0,1382,16112,0,1,0,0,65512,0,0,1,0,1,1,Attack
2022-04-08 19:35:48.696785,1084227584,1017370378,30000,1,0,1,7974,1,7784,7832,4440,11520,1118437376,1119092736,0,6808,16312,17528,7184,8424,13576,1036831949,1106247680,30000,1,1,1,1,0,1,0,1,0,1382,16120,0,1,0,0,65512,0,0,1,0,1,1,Attack
2022-04-08 19:35:49.201824,1084227584,1017370378,30000,1,0,1,7974,1,7784,7832,4440,11520,1118437376,1119092736,0,6808,16312,17528,7184,8416,13576,1036831949,1106247680,30000,1,1,1,1,0,1,0,1,0,1382,16120,0,1,0,0,65512,0,0,1,0,1,1,Attack
2022-04-08 19:35:49.701726,1084227584,1017370378,30000,1,0,1,7974,1,7752,7832,4440,11520,1118437376,1119092736,0,6808,16312,17552,7184,8416,13576,1036831949,1106247680,30000,1,1,1,1,0,1,0,1,0,1382,16144,0,1,0,0,65512,0,0,1,0,1,1,Attack
2022-04-08 19:35:50.209299,1084227584,1017370378,30000,1,0,1,7974,1,7752,7832,4440,11520,1118437376,1119092736,0,6808,16312,17584,7184,8424,13576,1036831949,1106247680,30000,1,1,1,1,0,1,0,1,0,1382,16120,0,1,0,0,65512,0,0,1,0,1,1,Attack
2022-04-08 19:35:50.717354,1084227584,1017370378,30000,1,0,1,7974,1,7784,7832,4472,11520,1118437376,1119092736,0,6808,16336,17640,7184,8424,13576,1036831949,1106247680,30000,1,1,1,1,0,1,0,1,0,1382,16120,0,1,0,0,65512,0,0,1,0,1,1,Attack
2022-04-08 19:35:51.222331,1084227584,1017370378,30000,1,0,1,7974,1,7752,7856,4440,11520,1118437376,1119092736,0,6808,16312,17696,7184,8432,13576,1036831949,1106247680,30000,1,1,1,1,0,1,0,1,0,1382,16136,0,1,0,0,65512,0,0,1,0,1,1,Attack
2022-04-08 19:35:51.726527,1084227584,1017370378,30000,1,0,1,7974,1,7784,7856,4440,11520,1118437376,1119092736,0,6808,16312,17720,7184,8408,13576,1036831949,1106247680,30000,1,1,1,1,0,1,0,1,0,1382,16128,0,1,0,0,65512,0,0,1,0,1,1,Attack
2022-04-08 19:35:52.229165,1084227584,1017370378,30000,1,0,1,7974,1,7752,7856,4440,11520,1118437376,1119092736,0,6808,16336,17752,7184,8416,13592,1036831949,1106247680,30000,1,1,1,1,0,1,0,1,0,1382,16112,0,1,0,0,65512,0,0,1,0,1,1,Attack
2022-04-08 19:35:52.731378,1084227584,1017370378,30000,1,0,1,7974,1,7784,7856,4440,11520,1118437376,1119092736,0,6808,16952,17808,7184,8416,13608,1036831949,1106247680,30000,1,1,1,1,0,1,0,1,0,1382,16104,0,1,0,0,65512,0,0,1,0,1,1,Attack
2022-04-08 19:35:53.229244,1084227584,1017370378,30000,1,0,1,7974,1,7784,7856,4472,11520,1118437376,1119092736,0,6808,16984,17864,7184,8416,13600,1036831949,1106247680,30000,1,1,1,1,0,1,0,1,0,1382,16112,0,1,0,0,65512,0,0,1,0,1,1,Attack
2022-04-08 19:35:53.726539,1084227584,1017370378,30000,1,0,1,7974,1,7752,7856,4440,11520,1118437376,1119092736,0,6808,17080,17864,7184,8416,13608,1036831949,1106247680,30000,1,1,1,1,0,1,0,1,0,1382,16144,0,1,0,0,65512,0,0,1,0,1,1,Attack
2022-04-08 19:35:54.225310,1084227584,1017370378,30000,1,0,1,7974,1,7784,7856,4440,11520,1118437376,1119092736,0,6808,17160,17880,7184,8416,13616,1036831949,1106247680,30000,1,1,1,1,0,1,0,1,0,1382,16112,0,1,0,0,65512,0,0,1,0,1,1,Attack
2022-04-08 19:35:54.722500,1084227584,1017370378,30000,1,0,1,7974,1,7752,7888,4440,11520,1118437376,1119092736,0,6808,17224,17912,7184,8416,13616,1036831949,1106247680,30000,1,1,1,1,0,1,0,1,0,1382,16136,0,1,0,0,65512,0,0,1,0,1,1,Attack
2022-04-08 19:35:55.218012,1084227584,1017370378,30000,1,0,1,7974,1,7784,7888,4440,11520,1118437376,1119092736,0,6808,17296,17936,7184,8416,13624,1036831949,1106247680,30000,1,1,1,1,0,1,0,1,0,1382,16104,0,1,0,0,65512,0,0,1,0,1,1,Attack
2022-04-08 19:35:55.718375,1084227584,1017370378,30000,1,0,1,7974,1,7784,7888,4440,11520,1118437376,1119092736,0,6808,17368,17936,7184,8440,13632,1036831949,1106247680,30000,1,1,1,1,0,1,0,1,0,1382,16128,0,1,0,0,65512,0,0,1,0,1,1,Attack
2022-04-08 19:35:56.215610,1084227584,1017370378,30000,1,0,1,7974,1,7752,7912,4440,11520,1118437376,1119092736,0,6808,17448,17968,7184,8424,13632,1036831949,1106247680,30000,1,1,1,1,0,1,0,1,0,1382,16128,0,1,0,0,65512,0,0,1,0,1,1,Attack
2022-04-08 19:35:56.714216,1084227584,1017370378,30000,1,0,1,7974,1,7784,7904,4440,11520,1118437376,1119092736,0,6808,17496,17992,7184,8416,13632,1036831949,1106247680,30000,1,1,1,1,0,1,0,1,0,1382,16128,0,1,0,0,65512,0,0,1,0,1,1,Attack
2022-04-08 19:35:57.209738,1084227584,1017370378,30000,1,0,1,7974,1,7752,7912,4440,11520,1118437376,1119092736,0,6808,17576,17992,7184,8424,13632,1036831949,1106247680,30000,1,1,1,1,0,1,0,1,0,1382,16120,0,1,0,0,65512,0,0,1,0,1,1,Attack
2022-04-08 19:35:57.709783,1084227584,1017370378,30000,1,0,1,7974,1,7784,7912,4440,11520,1118437376,1119092736,0,6808,17608,18032,7184,8432,13632,1036831949,1106247680,30000,1,1,1,1,0,1,0,1,0,1382,16128,0,1,0,0,65512,0,0,1,0,1,1,Attack
2022-04-08 19:35:58.208607,1084227584,1017370378,30000,1,0,1,7974,1,7784,7912,4440,11520,1118437376,1119092736,0,6808,17696,18080,7184,8440,13632,1036831949,1106247680,30000,1,1,1,1,0,1,0,1,0,1382,16104,0,1,0,0,65512,0,0,1,0,1,1,Attack
2022-04-08 19:35:58.707280,1084227584,1017370378,30000,1,0,1,7974,1,7784,7912,4440,11520,1118437376,1119092736,0,6808,17752,18080,7184,8416,13640,1036831949,1106247680,30000,1,1,1,1,0,1,0,1,0,1382,16088,0,1,0,0,65512,0,0,1,0,1,1,Attack
2022-04-08 19:35:59.204320,1084227584,1017370378,30000,1,0,1,7974,1,7784,7912,4440,11520,1118437376,1119092736,0,6808,17832,18104,7184,8440,13632,1036831949,1106247680,30000,1,1,1,1,0,1,0,1,0,1382,16120,0,1,0,0,65512,0,0,1,0,1,1,Attack
2022-04-08 19:35:59.701683,1084227584,1017370378,30000,1,0,1,7974,1,7752,7944,4440,11520,1118437376,1119092736,0,6808,17864,18136,7176,8432,13640,1036831949,1106247680,30000,1,1,1,1,0,1,0,1,0,1382,16144,0,1,0,0,65512,0,0,1,0,1,1,Attack
2022-04-08 19:36:00.197635,1084227584,1017370378,30000,1,0,1,7974,1,7752,7968,4440,11520,1118437376,1119092736,0,6808,17920,18160,7184,8424,13640,1036831949,1106247680,30000,1,1,1,1,0,1,0,1,0,1382,16120,0,1,0,0,65512,0,0,1,0,1,1,Attack
2022-04-08 19:36:00.693215,1084227584,1017370378,30000,1,0,1,7974,1,7752,7968,4440,11520,1118437376,1119092736,0,6808,17968,18160,7184,8432,13656,1036831949,1106247680,30000,1,1,1,1,0,1,0,1,0,1382,16120,0,1,0,0,65512,0,0,1,0,1,1,Attack
2022-04-08 19:36:01.198017,1084227584,1017370378,30000,1,0,1,7974,1,7752,7968,4440,11520,1118437376,1119092736,0,6808,18024,18160,7184,8424,13656,1036831949,1106247680,30000,1,1,1,1,0,1,0,1,0,1382,16120,0,1,0,0,65512,0,0,1,0,1,1,Attack
2022-04-08 19:36:01.705704,1084227584,1017370378,30000,1,0,1,7974,1,7784,7968,4440,11520,1118437376,1119092736,0,6808,18056,18160,7176,8440,13648,1036831949,1106247680,30000,1,1,1,1,0,1,0,1,0,1382,16104,0,1,0,0,65512,0,0,1,0,1,1,Attack
2022-04-08 19:36:02.211727,1084227584,1017370378,30000,1,0,1,7974,1,7752,7968,4440,11520,1118437376,1119092736,0,6808,18136,18160,7184,8424,13648,1036831949,1106247680,30000,1,1,1,1,0,1,0,1,0,1382,16104,0,1,0,0,65512,0,0,1,0,1,1,Attack
2022-04-08 19:36:02.717738,1084227584,1017370378,30000,1,0,1,7974,1,7752,7968,4448,11520,1118437376,1119092736,0,6808,18168,18160,7176,8440,13664,1036831949,1106247680,30000,1,1,1,1,0,1,0,1,0,1382,16112,0,1,0,0,65512,0,0,1,0,1,1,Attack
2022-04-08 19:36:03.226812,1084227584,1017370378,30000,1,0,1,7974,1,7752,8000,4440,11520,1118437376,1119092736,0,6808,18224,18160,7184,8432,13656,1036831949,1106247680,30000,1,1,1,1,0,1,0,1,0,1382,16128,0,1,0,0,65512,0,0,1,0,1,1,Attack
2022-04-08 19:36:03.742031,1084227584,1017370378,30000,1,0,1,7974,1,7752,8000,4440,11520,1118437376,1119092736,0,6808,18248,18360,7184,8416,13664,1036831949,1106247680,30000,1,1,1,1,0,1,0,1,0,1382,16104,0,1,0,0,65512,0,0,1,0,1,1,Attack
2022-04-08 19:36:04.240919,1084227584,1017370378,30000,1,0,1,7974,1,7752,8000,4440,11520,1118437376,1119092736,0,6808,18280,18360,7184,8432,13664,1036831949,1106247680,30000,1,1,1,1,0,1,0,1,0,1382,16128,0,1,0,0,65512,0,0,1,0,1,1,Attack
2022-04-08 19:36:04.742664,1084227584,1017370378,30000,1,0,1,7974,1,7752,8000,4440,11520,1118437376,1119092736,0,6808,18280,18376,7184,8424,13672,1036831949,1106247680,30000,1,1,1,1,0,1,0,1,0,1382,16136,0,1,0,0,65512,0,0,1,0,1,1,Attack
2022-04-08 19:36:05.255834,1084227584,1017370378,30000,1,0,1,7974,1,7752,8000,4440,11520,1118437376,1119092736,0,6808,18304,18432,7184,8440,13672,1036831949,1106247680,30000,1,1,1,1,0,1,0,1,0,1382,16096,0,1,0,0,65512,0,0,1,0,1,1,Attack
2022-04-08 19:36:05.769422,1084227584,1017370378,30000,1,0,1,7974,1,7752,8000,4440,11520,1118437376,1119092736,0,6808,18280,18432,7184,8432,13672,1036831949,1106247680,30000,1,1,1,1,0,1,0,1,0,1382,16120,0,1,0,0,65512,0,0,1,0,1,1,Attack
2022-04-08 19:36:06.281259,1084227584,1017370378,30000,1,0,1,7974,1,7752,8024,4440,11520,1118437376,1119092736,0,6808,18280,18464,7184,8440,13672,1036831949,1106247680,30000,1,1,1,1,0,1,0,1,0,1382,16112,0,1,0,0,65512,0,0,1,0,1,1,Attack
2022-04-08 19:36:06.794878,1084227584,1017370378,30000,1,0,1,7974,1,7752,8024,4440,11520,1118437376,1119092736,0,6808,18280,18464,7184,8432,13672,1036831949,1106247680,30000,1,1,1,1,0,1,0,1,0,1382,16120,0,1,0,0,65512,0,0,1,0,1,1,Attack
2022-04-08 19:36:07.306960,1084227584,1017370378,30000,1,0,1,7974,1,7752,8000,4440,11520,1118437376,1119092736,0,6808,18336,18488,7184,8424,13672,1036831949,1106247680,30000,1,1,1,1,0,1,0,1,0,1382,16120,0,1,0,0,65512,0,0,1,0,1,1,Attack
2022-04-08 19:36:07.813145,1084227584,1017370378,30000,1,0,1,7974,1,7752,8024,4440,11520,1118437376,1119092736,0,6808,18360,18488,7184,8424,13680,1036831949,1106247680,30000,1,1,1,1,0,1,0,1,0,1382,16104,0,1,0,0,65512,0,0,1,0,1,1,Attack
2022-04-08 19:36:08.322300,1084227584,1017370378,30000,1,0,1,7974,1,7752,8024,4440,11520,1118437376,1119092736,0,6808,18392,18520,7184,8424,13672,1036831949,1106247680,30000,1,1,1,1,0,1,0,1,0,1382,16096,0,1,0,0,65512,0,0,1,0,1,1,Attack
2022-04-08 19:36:08.827126,1084227584,1017370378,30000,1,0,1,7974,1,7752,8024,4440,11520,1118437376,1119092736,0,6808,18440,18520,7184,8424,13664,1036831949,1106247680,30000,1,1,1,1,0,1,0,1,0,1382,16096,0,1,0,0,65512,0,0,1,0,1,1,Attack
2022-04-08 19:36:09.333211,1084227584,1017370378,30000,1,0,1,7974,1,7752,8024,4440,11520,1118437376,1119092736,0,6808,18464,18544,7184,8424,13680,1036831949,1106247680,30000,1,1,1,1,0,1,0,1,0,1382,16112,0,1,0,0,65512,0,0,1,0,1,1,Attack
2022-04-08 19:36:09.839280,1084227584,1017370378,30000,1,0,1,7974,1,7752,8024,4440,11520,1118437376,1119092736,0,6808,18496,18544,7184,8424,13680,1036831949,1106247680,30000,1,1,1,1,0,1,0,1,0,1382,16128,0,1,0,0,65512,0,0,1,0,1,1,Attack
2022-04-08 19:36:10.347002,1084227584,1017370378,30000,1,0,1,7974,1,7752,8024,4440,11520,1118437376,1119092736,0,6808,18552,18576,7184,8424,13680,1036831949,1106247680,30000,1,1,1,1,0,1,0,1,0,1382,16104,0,1,0,0,65512,0,0,1,0,1,1,Attack
2022-04-08 19:36:10.857528,1084227584,1017370378,30000,1,0,1,7974,1,7752,8024,4440,11520,1118437376,1119092736,0,6808,18552,18576,7184,8424,13680,1036831949,1106247680,30000,1,1,1,1,0,1,0,1,0,1382,16120,0,1,0,0,65512,0,0,1,0,1,1,Attack
2022-04-08 19:36:11.362217,1084227584,1017370378,30000,1,0,1,7974,1,7752,8024,4440,11520,1118437376,1119092736,0,6808,18576,18632,7184,8424,13680,1036831949,1106247680,30000,1,1,1,1,0,1,0,1,0,1382,16096,0,1,0,0,65512,0,0,1,0,1,1,Attack
2022-04-08 19:36:11.869174,1084227584,1017370378,30000,1,0,1,7974,1,7752,8024,4440,11520,1118437376,1119092736,0,6808,18632,18632,7184,8416,13680,1036831949,1106247680,30000,1,1,1,1,0,1,0,1,0,1382,16112,0,1,0,0,65512,0,0,1,0,1,1,Attack
2022-04-08 19:36:12.374036,1084227584,1017370378,30000,1,0,1,7974,1,7752,8024,4440,11520,1118437376,1119092736,0,6808,18632,18656,7184,8424,13680,1036831949,1106247680,30000,1,1,1,1,0,1,0,1,0,1382,16112,0,1,0,0,65512,0,0,1,0,1,1,Attack
2022-04-08 19:36:12.883334,1084227584,1017370378,30000,1,0,1,7974,1,7752,8024,4440,11520,1118437376,1119092736,0,6808,18664,18656,7184,8416,13680,1036831949,1106247680,30000,1,1,1,1,0,1,0,1,0,1382,16112,0,1,0,0,65512,0,0,1,0,1,1,Attack
2022-04-08 19:36:13.389635,1084227584,1017370378,30000,1,0,1,7974,1,7752,8024,4440,11520,1118437376,1119092736,0,6808,18696,18656,7184,8424,13680,1036831949,1106247680,30000,1,1,1,1,0,1,0,1,0,1382,16104,0,1,0,0,65512,0,0,1,0,1,1,Attack
2022-04-08 19:36:13.895924,1084227584,1017370378,30000,1,0,1,7974,1,7752,8024,4440,11520,1118437376,1119092736,0,6808,18704,18688,7184,8424,13680,1036831949,1106247680,30000,1,1,1,1,0,1,0,1,0,1382,16096,0,1,0,0,65512,0,0,1,0,1,1,Attack
2022-04-08 19:36:14.403730,1084227584,1017370378,30000,1,0,1,7974,1,7752,8056,4440,11520,1118437376,1119092736,0,6808,18720,18720,7184,8424,13680,1036831949,1106247680,30000,1,1,1,1,0,1,0,1,0,1382,16104,0,1,0,0,65512,0,0,1,0,1,1,Attack
2022-04-08 19:36:14.906654,1084227584,1017370378,30000,1,0,1,7974,1,7752,8056,4440,11520,1118437376,1119092736,0,6808,18760,18720,7184,8432,13680,1036831949,1106247680,30000,1,1,1,1,0,1,0,1,0,1382,16104,0,1,0,0,65512,0,0,1,0,1,1,Attack
2022-04-08 19:36:15.415845,1084227584,1017370378,30000,1,0,1,7974,1,7752,8056,4440,11520,1118437376,1119092736,0,6808,18808,18744,7184,8416,13680,1036831949,1106247680,30000,1,1,1,1,0,1,0,1,0,1382,16104,0,1,0,0,65512,0,0,1,0,1,1,Attack
2022-04-08 19:36:15.922088,1084227584,1017370378,30000,1,0,1,7974,1,7752,8080,4440,11520,1118437376,1119092736,0,6808,18808,18744,7184,8424,13696,1036831949,1106247680,30000,1,1,1,1,0,1,0,1,0,1382,16120,0,1,0,0,65512,0,0,1,0,1,1,Attack
2022-04-08 19:36:16.431106,1084227584,1017370378,30000,1,0,1,7974,1,7752,8080,4440,11520,1118437376,1119092736,0,6808,18832,18744,7184,8416,13696,1036831949,1106247680,30000,1,1,1,1,0,1,0,1,0,1382,16120,0,1,0,0,65512,0,0,1,0,1,1,Attack
2022-04-08 19:36:16.938755,1084227584,1017370378,30000,1,0,1,7974,1,7752,8080,4464,11520,1118437376,1119092736,0,6808,18864,18744,7184,8424,13696,1036831949,1106247680,30000,1,1,1,1,0,1,0,1,0,1382,16096,0,1,0,0,65512,0,0,1,0,1,1,Attack
2022-04-08 19:36:17.443442,1084227584,1017370378,30000,1,0,1,7974,1,7752,8080,4440,11520,1118437376,1119092736,0,6808,18888,18744,7184,8424,13696,1036831949,1106247680,30000,1,1,1,1,0,1,0,1,0,1382,16104,0,1,0,0,65512,0,0,1,0,1,1,Attack
2022-04-08 19:36:17.949564,1084227584,1017370378,30000,1,0,1,7974,1,7752,8056,4440,11520,1118437376,1119092736,0,6808,18920,18744,7184,8424,13704,1036831949,1106247680,30000,1,1,1,1,0,1,0,1,0,1382,16096,0,1,0,0,65512,0,0,1,0,1,1,Attack
2022-04-08 19:36:18.458701,1084227584,1017370378,30000,1,0,1,7974,1,7752,8080,4440,11520,1118437376,1119092736,0,6808,18936,18744,7184,8432,13704,1036831949,1106247680,30000,1,1,1,1,0,1,0,1,0,1382,16096,0,1,0,0,65512,0,0,1,0,1,1,Attack
2022-04-08 19:36:18.970969,1084227584,1017370378,30000,1,0,1,7974,1,7752,8080,4440,11520,1118437376,1119092736,0,6808,18968,18800,7184,8416,13704,1036831949,1106247680,30000,1,1,1,1,0,1,0,1,0,1382,16104,0,1,0,0,65512,0,0,1,0,1,1,Attack
2022-04-08 19:36:19.478372,1084227584,1017370378,30000,1,0,1,7974,1,7752,8080,4408,11520,1118437376,1119092736,0,6808,18968,18792,7184,8432,13704,1036831949,1106247680,30000,1,1,1,1,0,1,0,1,0,1382,16128,0,1,0,0,65512,0,0,1,0,1,1,Attack
2022-04-08 19:36:19.986030,1084227584,1017370378,30000,1,0,1,7974,1,7752,8112,4440,11520,1118437376,1119092736,0,6808,18968,18800,7184,8416,13712,1036831949,1106247680,30000,1,1,1,1,0,1,0,1,0,1382,16112,0,1,0,0,65512,0,0,1,0,1,1,Attack
2022-04-08 19:36:20.490800,1084227584,1017370378,30000,1,0,1,7974,1,7752,8112,4440,11520,1118437376,1119092736,0,6808,18968,18800,7208,8424,13704,1036831949,1106247680,30000,1,1,1,1,0,1,0,1,0,1382,16112,0,1,0,0,65512,0,0,1,0,1,1,Attack
2022-04-08 19:36:20.993976,1084227584,1017370378,30000,1,0,1,7974,1,7752,8112,4440,11520,1118437376,1119092736,0,6808,18968,18824,7184,8416,13712,1036831949,1106247680,30000,1,1,1,1,0,1,0,1,0,1382,16104,0,1,0,0,65512,0,0,1,0,1,1,Attack
2022-04-08 19:36:21.512139,1084227584,1017370378,30000,1,0,1,7974,1,7752,8080,4440,11520,1118437376,1119092736,0,6808,18968,18824,7208,8424,13704,1036831949,1106247680,30000,1,1,1,1,0,1,0,1,0,1382,16088,0,1,0,0,65512,0,0,1,0,1,1,Attack
2022-04-08 19:36:22.022975,1084227584,1017370378,30000,1,0,1,7974,1,7752,8112,4440,11520,1118437376,1119092736,0,6808,18968,18824,7184,8432,13720,1036831949,1106247680,30000,1,1,1,1,0,1,0,1,0,1382,16112,0,1,0,0,65512,0,0,1,0,1,1,Attack
2022-04-08 19:36:22.529059,1084227584,1017370378,30000,1,0,1,7974,1,7752,8112,4440,11520,1118437376,1119092736,0,6808,19080,18848,7184,8416,13720,1036831949,1106247680,30000,1,1,1,1,0,1,0,1,0,1382,16096,0,1,0,0,65512,0,0,1,0,1,1,Attack
2022-04-08 19:36:23.036834,1084227584,1017370378,30000,1,0,1,7974,1,7784,8112,4440,11520,1118437376,1119092736,0,6808,19104,18872,7184,8416,13720,1036831949,1106247680,30000,1,1,1,1,0,1,0,1,0,1382,16096,0,1,0,0,65512,0,0,1,0,1,1,Attack
2022-04-08 19:36:23.542862,1084227584,1017370378,30000,1,0,1,7974,1,7752,8112,4432,11520,1118437376,1119092736,0,6808,19136,18848,7184,8416,13720,1036831949,1106247680,30000,1,1,1,1,0,1,0,1,0,1382,16096,0,1,0,0,65512,0,0,1,0,1,1,Attack
2022-04-08 19:36:24.049158,1084227584,1017370378,30000,1,0,1,7974,1,7752,8112,4440,11520,1118437376,1119092736,0,6808,19160,18872,7184,8416,13720,1036831949,1106247680,30000,1,1,1,1,0,1,0,1,0,1382,16104,0,1,0,0,65512,0,0,1,0,1,1,Attack
2022-04-08 19:36:24.566969,1084227584,1017370378,30000,1,0,1,7974,1,7768,8112,4440,11520,1118437376,1119092736,0,6808,19192,18904,7208,8416,13720,1036831949,1106247680,30000,1,1,1,1,0,1,0,1,0,1382,16096,0,1,0,0,65512,0,0,1,0,1,1,Attack
2022-04-08 19:36:25.078927,1084227584,1017370378,30000,1,0,1,7974,1,7784,8112,4440,11520,1118437376,1119092736,0,6808,19192,18904,7200,8416,13720,1036831949,1106247680,30000,1,1,1,1,0,1,0,1,0,1382,16096,0,1,0,0,65512,0,0,1,0,1,1,Attack
2022-04-08 19:36:25.586557,1084227584,1017370378,30000,1,0,1,7974,1,7784,8136,4408,11520,1118437376,1119092736,0,6808,19216,18928,7184,8416,13720,1036831949,1106247680,30000,1,1,1,1,0,1,0,1,0,1382,16120,0,1,0,0,65512,0,0,1,0,1,1,Attack
2022-04-08 19:36:26.095348,1084227584,1017370378,30000,1,0,1,7974,1,7752,8136,4440,11520,1118437376,1119092736,0,6808,19216,18960,7184,8424,13728,1036831949,1106247680,30000,1,1,1,1,0,1,0,1,0,1382,16112,0,1,0,0,65512,0,0,1,0,1,1,Attack
2022-04-08 19:36:26.605397,1084227584,1017370378,30000,1,0,1,7974,1,7784,8136,4440,11520,1118437376,1119092736,0,6808,19248,18960,7184,8432,13728,1036831949,1106247680,30000,1,1,1,1,0,1,0,1,0,1382,16104,0,1,0,0,65512,0,0,1,0,1,1,Attack
2022-04-08 19:36:27.115403,1084227584,1017370378,30000,1,0,1,7974,1,7784,8112,4440,11520,1118437376,1119092736,0,6808,19248,18960,7208,8416,13728,1036831949,1106247680,30000,1,1,1,1,0,1,0,1,0,1382,16088,0,1,0,0,65512,0,0,1,0,1,1,Attack
2022-04-08 19:36:27.626239,1084227584,1017370378,30000,1,0,1,7974,1,7784,8136,4440,11520,1118437376,1119092736,0,6808,19248,18960,7208,8432,13728,1036831949,1106247680,30000,1,1,1,1,0,1,0,1,0,1382,16120,0,1,0,0,65512,0,0,1,0,1,1,Attack
2022-04-08 19:36:28.134240,1084227584,1017370378,30000,1,0,1,7974,1,7784,8112,4440,11520,1118437376,1119092736,0,6808,19248,18960,7208,8416,13728,1036831949,1106247680,30000,1,1,1,1,0,1,0,1,0,1382,16096,0,1,0,0,65512,0,0,1,0,1,1,Attack
2022-04-08 19:36:28.642338,1084227584,1017370378,30000,1,0,1,7974,1,7752,8136,4408,11520,1118437376,1119092736,0,6808,19304,18960,7208,8432,13728,1036831949,1106247680,30000,1,1,1,1,0,1,0,1,0,1382,16096,0,1,0,0,65512,0,0,1,0,1,1,Attack
2022-04-08 19:36:29.149915,1084227584,1017370378,30000,1,0,1,7974,1,7784,8136,4440,11520,1118437376,1119092736,0,6808,19280,18984,7208,8432,13728,1036831949,1106247680,30000,1,1,1,1,0,1,0,1,0,1382,16096,0,1,0,0,65512,0,0,1,0,1,1,Attack
2022-04-08 19:36:29.658404,1084227584,1017370378,30000,1,0,1,7974,1,7784,8136,4440,11520,1118437376,1119092736,0,6808,19304,18984,7208,8432,13728,1036831949,1106247680,30000,1,1,1,1,0,1,0,1,0,1382,16104,0,1,0,0,65512,0,0,1,0,1,1,Attack
2022-04-08 19:36:30.166609,1084227584,1017370378,30000,1,0,1,7974,1,7784,8136,4440,11520,1118437376,1119092736,0,6808,19336,19016,7208,8432,13728,1036831949,1106247680,30000,1,1,1,1,0,1,0,1,0,1382,16112,0,1,0,0,65512,0,0,1,0,1,1,Attack
2022-04-08 19:36:30.683595,1084227584,1017370378,30000,1,0,1,7974,1,7784,8136,4440,11520,1118437376,1119092736,0,6808,19336,19016,7208,8416,13728,1036831949,1106247680,30000,1,1,1,1,0,1,0,1,0,1382,16104,0,1,0,0,65512,0,0,1,0,1,1,Attack
2022-04-08 19:36:31.194102,1084227584,1017370378,30000,1,0,1,7974,1,7752,8136,4440,11520,1118437376,1119092736,0,6808,19336,19016,7184,8432,13736,1036831949,1106247680,30000,1,1,1,1,0,1,0,1,0,1382,16096,0,1,0,0,65512,0,0,1,0,1,1,Attack
2022-04-08 19:36:31.703175,1084227584,1017370378,30000,1,0,1,7974,1,7784,8136,4440,11520,1118437376,1119092736,0,6808,19360,19016,7184,8416,13736,1036831949,1106247680,30000,1,1,1,1,0,1,0,1,0,1382,16112,0,1,0,0,65512,0,0,1,0,1,1,Attack
2022-04-08 19:36:32.207538,1084227584,1017370378,30000,1,0,1,7974,1,7752,8136,4440,11520,1118437376,1119092736,0,6808,19360,19016,7208,8432,13728,1036831949,1106247680,30000,1,1,1,1,0,1,0,1,0,1382,16096,0,1,0,0,65512,0,0,1,0,1,1,Attack
2022-04-08 19:36:32.711350,1084227584,1017370378,30000,1,0,1,7974,1,7784,8136,4440,11520,1118437376,1119092736,0,6808,19360,19016,7184,8424,13728,1036831949,1106247680,30000,1,1,1,1,0,1,0,1,0,1382,16096,0,1,0,0,65512,0,0,1,0,1,1,Attack
2022-04-08 19:36:33.217501,1084227584,1017370378,30000,1,0,1,7974,1,7784,8136,4440,11520,1118437376,1119092736,0,6808,19376,19016,7184,8440,13728,1036831949,1106247680,30000,1,1,1,1,0,1,0,1,0,1382,16096,0,1,0,0,65512,0,0,1,0,1,1,Attack
2022-04-08 19:36:33.725527,1084227584,1017370378,30000,1,0,1,7974,1,7784,8136,4440,11520,1118437376,1119092736,0,6808,19408,19040,7208,8424,13728,1036831949,1106247680,30000,1,1,1,1,0,1,0,1,0,1382,16096,0,1,0,0,65512,0,0,1,0,1,1,Attack
2022-04-08 19:36:34.235705,1084227584,1017370378,30000,1,0,1,7974,1,7784,8136,4440,11520,1118437376,1119092736,0,6808,19408,19016,7208,8416,13728,1036831949,1106247680,30000,1,1,1,1,0,1,0,1,0,1382,16112,0,1,0,0,65512,0,0,1,0,1,1,Attack
2022-04-08 19:36:34.742976,1084227584,1017370378,30000,1,0,1,7974,1,7784,8160,4408,11520,1118437376,1119092736,0,6808,19408,19072,7208,8432,13728,1036831949,1106247680,30000,1,1,1,1,0,1,0,1,0,1382,16080,0,1,0,0,65512,0,0,1,0,1,1,Attack
2022-04-08 19:36:35.249424,1084227584,1017370378,30000,1,0,1,7974,1,7784,8136,4440,11520,1118437376,1119092736,0,6808,19408,19104,7184,8416,13728,1036831949,1106247680,30000,1,1,1,1,0,1,0,1,0,1382,16064,0,1,0,0,65512,0,0,1,0,1,1,Attack
2022-04-08 19:36:35.765884,1084227584,1017370378,30000,1,0,1,7974,1,7784,8136,4440,11520,1118437376,1119092736,0,6808,19408,19096,7208,8432,13728,1036831949,1106247680,30000,1,1,1,1,0,1,0,1,0,1382,16104,0,1,0,0,65512,0,0,1,0,1,1,Attack
2022-04-08 19:36:36.277876,1084227584,1017370378,30000,1,0,1,7974,1,7784,8136,4408,11520,1118437376,1119092736,0,6808,19408,19104,7208,8416,13728,1036831949,1106247680,30000,1,1,1,1,0,1,0,1,0,1382,16088,0,1,0,0,65512,0,0,1,0,1,1,Attack
2022-04-08 19:36:36.782660,1084227584,1017370378,30000,1,0,1,7974,1,7784,8136,4408,11520,1118437376,1119092736,0,6832,19408,19096,7184,8432,13728,1036831949,1106247680,30000,1,1,1,1,0,1,0,1,0,1382,16104,0,1,0,0,65512,0,0,1,0,1,1,Attack
2022-04-08 19:36:37.286031,1084227584,1017370378,30000,1,0,1,7974,1,7784,8160,4440,11520,1118437376,1119092736,0,6808,19408,19096,7208,8424,13728,1036831949,1106247680,30000,1,1,1,1,0,1,0,1,0,1382,16088,0,1,0,0,65512,0,0,1,0,1,1,Attack
2022-04-08 19:36:37.793518,1084227584,1017370378,30000,1,0,1,7974,1,7784,8160,4440,11520,1118437376,1119092736,0,6808,19520,19096,7184,8416,13728,1036831949,1106247680,30000,1,1,1,1,0,1,0,1,0,1382,16080,0,1,0,0,65512,0,0,1,0,1,1,Attack
2022-04-08 19:36:38.302779,1084227584,1017370378,30000,1,0,1,7974,1,7784,8168,4440,11520,1118437376,1119092736,0,6808,19552,19128,7208,8416,13728,1036831949,1106247680,30000,1,1,1,1,0,1,0,1,0,1382,16088,0,1,0,0,65512,0,0,1,0,1,1,Attack
2022-04-08 19:36:38.807154,1084227584,1017370378,30000,1,0,1,7974,1,7784,8184,4440,11520,1118437376,1119092736,0,6808,19552,19128,7184,8416,13728,1036831949,1106247680,30000,1,1,1,1,0,1,0,1,0,1382,16072,0,1,0,0,65512,0,0,1,0,1,1,Attack
2022-04-08 19:36:39.313375,1084227584,1017370378,30000,1,0,1,7974,1,7784,8160,4440,11520,1118437376,1119092736,0,6808,19552,19128,7184,8416,13736,1036831949,1106247680,30000,1,1,1,1,0,1,0,1,0,1382,16080,0,1,0,0,65512,0,0,1,0,1,1,Attack
2022-04-08 19:36:39.822634,1084227584,1017370378,30000,1,0,1,7974,1,7784,8160,4440,11520,1118437376,1119092736,0,6808,19608,19160,7208,8416,13736,1036831949,1106247680,30000,1,1,1,1,0,1,0,1,0,1382,16080,0,1,0,0,65512,0,0,1,0,1,1,Attack
2022-04-08 19:36:40.330019,1084227584,1017370378,30000,1,0,1,7974,1,7784,8160,4440,11520,1118437376,1119092736,0,6808,19608,19160,7208,8416,13736,1036831949,1106247680,30000,1,1,1,1,0,1,0,1,0,1382,16104,0,1,0,0,65512,0,0,1,0,1,1,Attack
2022-04-08 19:36:40.836100,1084227584,1017370378,30000,1,0,1,7974,1,7784,8184,4408,11520,1118437376,1119092736,0,6808,19608,19160,7184,8416,13736,1036831949,1106247680,30000,1,1,1,1,0,1,0,1,0,1382,16088,0,1,0,0,65512,0,0,1,0,1,1,Attack
2022-04-08 19:36:41.342153,1084227584,1017370378,30000,1,0,1,7974,1,7784,8184,4408,11520,1118437376,1119092736,0,6808,19640,19160,7184,8432,13736,1036831949,1106247680,30000,1,1,1,1,0,1,0,1,0,1382,16120,0,1,0,0,65512,0,0,1,0,1,1,Attack
2022-04-08 19:36:41.851087,1084227584,1017370378,30000,1,0,1,7974,1,7784,8184,4440,11520,1118437376,1119092736,0,6808,19664,19184,7184,8440,13736,1036831949,1106247680,30000,1,1,1,1,0,1,0,1,0,1382,16104,0,1,0,0,65512,0,0,1,0,1,1,Attack
2022-04-08 19:36:42.354148,1084227584,1017370378,30000,1,0,1,7974,1,7784,8160,4440,11520,1118437376,1119092736,0,6808,19664,19184,7208,8432,13744,1036831949,1106247680,30000,1,1,1,1,0,1,0,1,0,1382,16080,0,1,0,0,65512,0,0,1,0,1,1,Attack
2022-04-08 19:36:42.854162,1084227584,1017370378,30000,1,0,1,7974,1,7784,8160,4440,11520,1118437376,1119092736,0,6808,19696,19184,7208,8448,13736,1036831949,1106247680,30000,1,1,1,1,0,1,0,1,0,1382,16072,0,1,0,0,65512,0,0,1,0,1,1,Attack
2022-04-08 19:36:43.352829,1084227584,1017370378,30000,1,0,1,7974,1,7784,8160,4408,11520,1118437376,1119092736,0,6808,19696,19184,7184,8440,13736,1036831949,1106247680,30000,1,1,1,1,0,1,0,1,0,1382,16040,0,1,0,0,65512,0,0,1,0,1,1,Attack
2022-04-08 19:36:43.851296,1084227584,1017370378,30000,1,0,1,7974,1,7784,8184,4408,11520,1118437376,1119092736,0,6808,19720,19216,7208,8448,13736,1036831949,1106247680,30000,1,1,1,1,0,1,0,1,0,1382,16048,0,1,0,0,65512,0,0,1,0,1,1,Attack
2022-04-08 19:36:44.348447,1084227584,1017370378,30000,1,0,1,7974,1,7784,8184,4424,11520,1118437376,1119092736,0,6808,19720,19216,7184,8432,13744,1036831949,1106247680,30000,1,1,1,1,0,1,0,1,0,1382,16008,0,1,0,0,65512,0,0,1,0,1,1,Attack
2022-04-08 19:36:44.845541,1084227584,1017370378,30000,1,0,1,7974,1,7784,8216,4408,11520,1118437376,1119092736,0,6808,19752,19216,7208,8432,13744,1036831949,1106247680,30000,1,1,1,1,0,1,0,1,0,1382,16008,0,1,0,0,65512,0,0,1,0,1,1,Attack
2022-04-08 19:36:45.344155,1084227584,1017370378,30000,1,0,1,7974,1,7784,8184,4408,11520,1118437376,1119092736,0,6808,19752,19216,7208,8448,13736,1036831949,1106247680,30000,1,1,1,1,0,1,0,1,0,1382,16056,0,1,0,0,65512,0,0,1,0,1,1,Attack
2022-04-08 19:36:45.842820,1084227584,1017370378,30000,1,0,1,7974,1,7784,8184,4408,11520,1118437376,1119092736,0,6808,19776,19216,7200,8440,13744,1036831949,1106247680,30000,1,1,1,1,0,1,0,1,0,1382,16072,0,1,0,0,65512,0,0,1,0,1,1,Attack
2022-04-08 19:36:46.339785,1084227584,1017370378,30000,1,0,1,7974,1,7784,8184,4408,11520,1118437376,1119092736,0,6808,19776,19216,7208,8448,13744,1036831949,1106247680,30000,1,1,1,1,0,1,0,1,0,1382,16096,0,1,0,0,65512,0,0,1,0,1,1,Attack
2022-04-08 19:36:46.838375,1084227584,1017370378,30000,1,0,1,7974,1,7784,8216,4440,11520,1118437376,1119092736,0,6808,19808,19216,7208,8448,13736,1036831949,1106247680,30000,1,1,1,1,0,1,0,1,0,1382,16080,0,1,0,0,65512,0,0,1,0,1,1,Attack
2022-04-08 19:36:47.337095,1084227584,1017370378,30000,1,0,1,7974,1,7784,8216,4440,11520,1118437376,1119092736,0,6808,19808,19216,7208,8448,13736,1036831949,1106247680,30000,1,1,1,1,0,1,0,1,0,1382,16080,0,1,0,0,65512,0,0,1,0,1,1,Attack
2022-04-08 19:36:47.835673,1084227584,1017370378,30000,1,0,1,7974,1,7784,8184,4408,11520,1118437376,1119092736,0,6808,19808,19216,7208,8448,13744,1036831949,1106247680,30000,1,1,1,1,0,1,0,1,0,1382,16080,0,1,0,0,65512,0,0,1,0,1,1,Attack
2022-04-08 19:36:48.332779,1084227584,1017370378,30000,1,0,1,7974,1,7808,8216,4408,11520,1118437376,1119092736,0,6808,19832,19216,7208,8432,13736,1036831949,1106247680,30000,1,1,1,1,0,1,0,1,0,1382,16064,0,1,0,0,65512,0,0,1,0,1,1,Attack
2022-04-08 19:36:48.830073,1084227584,1017370378,30000,1,0,1,7974,1,7784,8184,4440,11520,1118437376,1119092736,0,6808,19832,19216,7208,8448,13744,1036831949,1106247680,30000,1,1,1,1,0,1,0,1,0,1382,16096,0,1,0,0,65512,0,0,1,0,1,1,Attack
2022-04-08 19:36:49.327976,1084227584,1017370378,30000,1,0,1,7974,1,7808,8184,4440,11520,1118437376,1119092736,0,6816,19864,19216,7208,8440,13736,1036831949,1106247680,30000,1,1,1,1,0,1,0,1,0,1382,16040,0,1,0,0,65512,0,0,1,0,1,1,Attack
2022-04-08 19:36:49.826471,1084227584,1017370378,30000,1,0,1,7974,1,7784,8184,4408,11520,1118437376,1119092736,0,6832,19864,19216,7184,8448,13744,1036831949,1106247680,30000,1,1,1,1,0,1,0,1,0,1382,16024,0,1,0,0,65512,0,0,1,0,1,1,Attack
2022-04-08 19:36:50.323905,1084227584,1017370378,30000,1,0,1,7974,1,7784,8216,4440,11520,1118437376,1119092736,0,6816,19864,19240,7184,8440,13736,1036831949,1106247680,30000,1,1,1,1,0,1,0,1,0,1382,16072,0,1,0,0,65512,0,0,1,0,1,1,Attack
2022-04-08 19:36:50.820657,1084227584,1017370378,30000,1,0,1,7974,1,7808,8184,4408,11520,1118437376,1119092736,0,6808,19864,19264,7184,8448,13744,1036831949,1106247680,30000,1,1,1,1,0,1,0,1,0,1382,16056,0,1,0,0,65512,0,0,1,0,1,1,Attack
2022-04-08 19:36:51.327492,1084227584,1017370378,30000,1,0,1,7974,1,7808,8216,4440,11520,1118437376,1119092736,0,6808,19864,19264,7208,8448,13744,1036831949,1106247680,30000,1,1,1,1,0,1,0,1,0,1382,16128,0,1,0,0,65512,0,0,1,0,1,1,Attack
2022-04-08 19:36:51.871268,1084227584,1017370378,30000,1,0,1,7974,1,7784,8216,4408,11520,1118437376,1119092736,0,6808,19864,19264,7208,8432,13744,1036831949,1106247680,30000,1,1,1,1,0,1,0,1,0,1382,16088,0,1,0,0,65512,0,0,1,0,1,1,Attack
